開催日,レース名,距離,地肌,クラス
1985/12/22,3歳未勝利,1200,ダ,未勝利
1985/12/22,3歳未勝利,1600,芝,未勝利
1985/12/22,3歳新馬,1200,ダ,新馬
1985/12/22,3歳新馬,1600,芝,新馬
1985/12/22,4歳以上未勝利,3200,障,未勝利
1985/12/22,4歳以上400万下,1800,ダ,400万
1985/12/22,4歳以上900万下,2000,芝,900万
1985/12/22,万両賞(400万下),1800,芝,400万
1985/12/22,南総特別(900万下),1800,ダ,900万
1985/12/22,有馬記念(OP),2500,芝,OP
1985/12/22,4歳以上1400万下,1800,ダ,1400万
1985/12/22,3歳未勝利,1200,ダ,未勝利
1985/12/22,3歳未勝利,1600,芝,未勝利
1985/12/22,3歳新馬,1400,芝,新馬
1985/12/22,3歳400万下,1200,ダ,400万
1985/12/22,4歳以上400万下,1800,ダ,400万
1985/12/22,4歳以上400万下,1700,ダ,400万
1985/12/22,4歳以上400万下,1700,ダ,400万
1985/12/22,4歳以上900万下,1700,ダ,900万
1985/12/22,シクラメン賞(OP),2000,芝,OP
1985/12/22,サンタクロースH(1400万下),2500,芝,1400万
1985/12/22,サンケイスポーツ杯阪(OP),2000,芝,OP
1985/12/22,4歳以上900万下,1600,芝,900万
1985/12/21,3歳未勝利,1200,ダ,未勝利
1985/12/21,3歳未勝利,2000,芝,未勝利
1985/12/21,3歳新馬,2000,芝,新馬
1985/12/21,3歳400万下,1600,芝,400万
1985/12/21,4歳以上400万下,1800,ダ,400万
1985/12/21,4歳以上400万下,1800,ダ,400万
1985/12/21,4歳以上400万下,1800,ダ,400万
1985/12/21,4歳以上900万下,2500,芝,900万
1985/12/21,ひいらぎ賞(OP),2000,芝,OP
1985/12/21,中山大障害(OP),4100,障,OP
1985/12/21,クリスマスS(OP),1600,芝,OP
1985/12/21,4歳以上900万下,1800,ダ,900万
1985/12/21,3歳未勝利,1200,ダ,未勝利
1985/12/21,3歳未勝利,2000,芝,未勝利
1985/12/21,3歳新馬,1200,ダ,新馬
1985/12/21,4歳以上400万下,1800,ダ,400万
1985/12/21,4歳以上未勝利,3000,障,未勝利
1985/12/21,3歳新馬,1600,芝,新馬
1985/12/21,4歳以上400万下,1800,ダ,400万
1985/12/21,4歳以上900万下,1200,ダ,900万
1985/12/21,千両賞(400万下),1600,芝,400万
1985/12/21,冬至特別(900万下),1800,ダ,900万
1985/12/21,セントウルS(OP),2200,芝,OP
1985/12/21,4歳以上900万下,2000,芝,900万
1985/12/15,3歳未勝利,1200,芝,未勝利
1985/12/15,3歳未勝利,1200,ダ,未勝利
1985/12/15,3歳新馬,1600,芝,新馬
1985/12/15,3歳400万下,1200,ダ,400万
1985/12/15,4歳以上400万下,1200,ダ,400万
1985/12/15,4歳以上400万下,1800,ダ,400万
1985/12/15,4歳以上400万下,1200,ダ,400万
1985/12/15,4歳以上900万下,1800,ダ,900万
1985/12/15,冬至特別(900万下),2000,芝,900万
1985/12/15,ターコイズS(OP),2000,芝,OP
1985/12/15,朝日杯3歳S(G1),1600,芝,G1
1985/12/15,4歳以上900万下,1600,芝,900万
1985/12/15,4歳以上勝入,1700,ダ,NoClass
1985/12/15,3歳未勝利,1600,ダ,未勝利
1985/12/15,3歳新馬,1200,芝,新馬
1985/12/15,4歳以上400万下,1700,ダ,400万
1985/12/15,4歳以上400万下,1000,ダ,400万
1985/12/15,4歳以上400万下,1700,ダ,400万
1985/12/15,4歳以上400万下,1000,ダ,400万
1985/12/15,4歳以上400万下,1700,ダ,400万
1985/12/15,中京3歳S(OP),1800,芝,OP
1985/12/15,尾張特別(900万下),2000,芝,900万
1985/12/15,CBC賞(OP),1200,芝,OP
1985/12/15,4歳以上400万下,1800,芝,400万
1985/12/15,3歳未勝利,1200,芝,未勝利
1985/12/15,3歳新馬,1200,ダ,新馬
1985/12/15,3歳新馬,1200,芝,新馬
1985/12/15,4歳以上400万下,2200,芝,400万
1985/12/15,4歳以上勝入400万円以下,3200,障,400万
1985/12/15,4歳以上400万下,1700,ダ,400万
1985/12/15,4歳以上400万下,2200,芝,400万
1985/12/15,4歳以上900万下,1800,ダ,900万
1985/12/15,千種川特別(900万下),2500,芝,900万
1985/12/15,ディセンバーハンデキ(1400万下),1800,ダ,1400万
1985/12/15,阪神3歳S(OP),1600,芝,OP
1985/12/15,4歳以上900万下,1400,芝,900万
1985/12/14,3歳未勝利,1200,ダ,未勝利
1985/12/14,3歳未勝利,1200,ダ,未勝利
1985/12/14,3歳未勝利,1800,芝,未勝利
1985/12/14,3歳未勝利,1600,芝,未勝利
1985/12/14,3歳新馬,1200,芝,新馬
1985/12/14,4歳以上未勝利,2700,障,未勝利
1985/12/14,4歳以上400万下,1800,ダ,400万
1985/12/14,4歳以上400万下,1800,ダ,400万
1985/12/14,北総特別(900万下),1800,芝,900万
1985/12/14,ディセンバーステーク(1400万下),2500,芝,1400万
1985/12/14,テレビ東京賞3歳牝馬(OP),1600,芝,OP
1985/12/14,4歳以上900万下,1800,ダ,900万
1985/12/14,3歳未勝利,1000,ダ,未勝利
1985/12/14,3歳未勝利,1200,芝,未勝利
1985/12/14,3歳新馬,1000,ダ,新馬
1985/12/14,3歳新馬,2000,芝,新馬
1985/12/14,4歳以上400万下,1700,ダ,400万
1985/12/14,4歳以上400万下,1700,ダ,400万
1985/12/14,4歳以上400万下,1700,ダ,400万
1985/12/14,4歳以上400万下,1800,芝,400万
1985/12/14,アラブ3歳S(OP),1700,ダ,OP
1985/12/14,揖斐川特別(400万下),2500,芝,400万
1985/12/14,クリスマスキャロルハ(900万下),1700,ダ,900万
1985/12/14,4歳以上400万下,1800,芝,400万
1985/12/14,3歳未勝利,1200,ダ,未勝利
1985/12/14,3歳未勝利,1200,ダ,未勝利
1985/12/14,3歳新馬,1400,芝,新馬
1985/12/14,4歳以上400万下,1800,ダ,400万
1985/12/14,4歳以上未勝利,3000,障,未勝利
1985/12/14,4歳以上400万下,1200,ダ,400万
1985/12/14,4歳以上400万下,1200,ダ,400万
1985/12/14,4歳以上900万下,1800,ダ,900万
1985/12/14,さざんか賞(400万下),1200,芝,400万
1985/12/14,三宮S(1400万下),2200,芝,1400万
1985/12/14,逆瀬川特別(900万下),2000,芝,900万
1985/12/14,4歳以上900万下,1200,ダ,900万
1985/12/08,3歳未勝利,1200,ダ,未勝利
1985/12/08,3歳未勝利,1200,芝,未勝利
1985/12/08,3歳新馬,1600,芝,新馬
1985/12/08,3歳新馬,1200,ダ,新馬
1985/12/08,4歳以上400万下,1800,ダ,400万
1985/12/08,4歳以上400万下,3200,障,400万
1985/12/08,4歳以上400万下,1800,ダ,400万
1985/12/08,4歳以上900万下,2200,芝,900万
1985/12/08,葉牡丹賞(400万下),2000,芝,400万
1985/12/08,師走特別(900万下),1200,ダ,900万
1985/12/08,ステイヤーズステーク(OP),3600,芝,OP
1985/12/08,4歳以上900万下,1800,ダ,900万
1985/12/08,3歳新馬,1400,芝,新馬
1985/12/08,3歳未勝利,1700,ダ,未勝利
1985/12/08,3歳未勝利,1400,芝,未勝利
1985/12/08,3歳未勝利,2000,芝,未勝利
1985/12/08,4歳以上400万下,1700,ダ,400万
1985/12/08,4歳以上400万下,1600,ダ,400万
1985/12/08,4歳以上400万下,1700,ダ,400万
1985/12/08,4歳以上400万下,1200,芝,400万
1985/12/08,恵那特別(400万下),1800,芝,400万
1985/12/08,伊吹山特別(900万下),1200,芝,900万
1985/12/08,ウインターS(OP),2200,ダ,OP
1985/12/08,4歳以上400万下,1200,芝,400万
1985/12/08,4歳以上400万下,1800,ダ,400万
1985/12/08,3歳未勝利,1200,ダ,未勝利
1985/12/08,3歳未勝利,1200,ダ,未勝利
1985/12/08,4歳以上未勝利,3000,障,未勝利
1985/12/08,3歳新馬,1400,芝,新馬
1985/12/08,4歳以上400万下,1700,ダ,400万
1985/12/08,4歳以上400万下,1600,芝,400万
1985/12/08,夙川特別(900万下),1800,ダ,900万
1985/12/08,六甲S(1400万下),1600,芝,1400万
1985/12/08,ラジオたんぱ杯3歳牝(OP),1600,芝,OP
1985/12/08,4歳以上900万下,2000,芝,900万
1985/12/07,3歳,1700,ダ,NoClass
1985/12/07,3歳未勝利,1200,ダ,未勝利
1985/12/07,3歳未勝利,2000,芝,未勝利
1985/12/07,3歳新馬,1200,芝,新馬
1985/12/07,4歳以上400万下,1200,ダ,400万
1985/12/07,4歳以上未勝利,2700,障,未勝利
1985/12/07,4歳以上400万下,1800,ダ,400万
1985/12/07,黒松賞(400万下),1600,芝,400万
1985/12/07,4歳以上400万下,1200,ダ,400万
1985/12/07,清澄特別(900万下),2000,芝,900万
1985/12/07,市川S(1400万下),1200,芝,1400万
1985/12/07,4歳以上900万下,1800,芝,900万
1985/12/07,3歳未勝利,1000,ダ,未勝利
1985/12/07,3歳300万下,1700,ダ,300万
1985/12/07,3歳未勝利,1000,ダ,未勝利
1985/12/07,3歳新馬,1200,芝,新馬
1985/12/07,4歳以上400万下,1700,ダ,400万
1985/12/07,4歳以上400万下,1000,ダ,400万
1985/12/07,4歳以上400万下,1700,ダ,400万
1985/12/07,4歳以上400万下,1000,ダ,400万
1985/12/07,樅の木賞(400万下),1200,芝,400万
1985/12/07,長篠特別(400万下),2000,芝,400万
1985/12/07,鳥羽特別(900万下),1800,芝,900万
1985/12/07,4歳以上400万下,1700,ダ,400万
1985/12/07,3歳未勝利,1200,ダ,未勝利
1985/12/07,3歳未勝利,1400,芝,未勝利
1985/12/07,3歳未勝利,1400,芝,未勝利
1985/12/07,3歳新馬,1200,ダ,新馬
1985/12/07,3歳新馬,1200,芝,新馬
1985/12/07,3歳400万下,1200,ダ,400万
1985/12/07,4歳以上400万下,1200,ダ,400万
1985/12/07,4歳以上400万下,1700,ダ,400万
1985/12/07,阪神障害S(OP),3200,障,OP
1985/12/07,仲冬特別(900万下),2200,芝,900万
1985/12/07,猪名川特別(900万下),1600,芝,900万
1985/12/07,4歳以上900万下,1700,ダ,900万
1985/12/01,3歳400万下,1200,ダ,400万
1985/12/01,3歳未勝利,1200,ダ,未勝利
1985/12/01,3歳新馬,1600,芝,新馬
1985/12/01,3歳新馬,1200,芝,新馬
1985/12/01,4歳以上,3200,障,NoClass
1985/12/01,4歳以上400万下,1800,ダ,400万
1985/12/01,4歳以上900万下,2000,芝,900万
1985/12/01,4歳以上900万下,2000,芝,900万
1985/12/01,美浦特別(900万下),2600,芝,900万
1985/12/01,ダービー卿チャレンジ(OP),1600,芝,OP
1985/12/01,4歳以上400万下,1800,ダ,400万
1985/12/01,3歳未勝利,1600,ダ,未勝利
1985/12/01,3歳未勝利,1600,ダ,未勝利
1985/12/01,3歳未勝利,1200,芝,未勝利
1985/12/01,3歳新馬,1200,芝,新馬
1985/12/01,4歳以上400万下,1700,ダ,400万
1985/12/01,4歳以上400万下,1000,ダ,400万
1985/12/01,4歳以上400万下,1700,ダ,400万
1985/12/01,4歳以上400万下,1000,ダ,400万
1985/12/01,高山特別(400万下),1800,芝,400万
1985/12/01,師走特別(900万下),2500,芝,900万
1985/12/01,愛知杯(OP),2000,芝,OP
1985/12/01,4歳以上400万下,1800,芝,400万
1985/12/01,3歳未勝利,1200,ダ,未勝利
1985/12/01,3歳未勝利,2000,芝,未勝利
1985/12/01,3歳新馬,1200,ダ,新馬
1985/12/01,3歳新馬,1600,芝,新馬
1985/12/01,4歳以上400万下,1800,ダ,400万
1985/12/01,4歳以上900万下,1800,ダ,900万
1985/12/01,4歳以上400万下,2000,芝,400万
1985/12/01,4歳以上900万下,1800,ダ,900万
1985/12/01,万両賞(400万下),1400,芝,400万
1985/12/01,北摂特別(900万下),2000,芝,900万
1985/12/01,阪神大賞典(OP),3000,芝,OP
1985/12/01,4歳以上900万下,1800,ダ,900万
1985/11/30,3歳未勝利,1200,ダ,未勝利
1985/11/30,3歳未勝利,1200,ダ,未勝利
1985/11/30,3歳未勝利,1800,芝,未勝利
1985/11/30,3歳新馬,1200,ダ,新馬
1985/11/30,3歳新馬,2000,芝,新馬
1985/11/30,4歳以上未勝利,2700,障,未勝利
1985/11/30,4歳以上400万下,1800,ダ,400万
1985/11/30,4歳以上400万下,1800,ダ,400万
1985/11/30,寒菊賞(400万下),1600,芝,400万
1985/11/30,仲冬特別(900万下),1800,ダ,900万
1985/11/30,中山競馬場スタンド増(1400万下),2000,芝,1400万
1985/11/30,4歳以上900万下,1600,芝,900万
1985/11/30,3歳,1000,ダ,NoClass
1985/11/30,3歳未勝利,1000,ダ,未勝利
1985/11/30,3歳新馬,1000,ダ,新馬
1985/11/30,3歳新馬,1400,芝,新馬
1985/11/30,4歳以上400万下,1700,ダ,400万
1985/11/30,4歳以上400万下,1700,ダ,400万
1985/11/30,4歳以上400万下,1700,ダ,400万
1985/11/30,4歳以上400万下,2000,芝,400万
1985/11/30,濃尾特別(400万下),1700,ダ,400万
1985/11/30,矢作川特別(900万下),1800,芝,900万
1985/11/30,アラブ大賞典(OP),2500,芝,OP
1985/11/30,4歳以上400万下,2000,芝,400万
1985/11/30,3歳未勝利,1200,ダ,未勝利
1985/11/30,3歳未勝利,1200,ダ,未勝利
1985/11/30,3歳新馬,1200,芝,新馬
1985/11/30,3歳新馬,1200,芝,新馬
1985/11/30,4歳以上未勝利,3000,障,未勝利
1985/11/30,3歳新馬,2000,芝,新馬
1985/11/30,4歳以上400万下,1700,ダ,400万
1985/11/30,4歳以上400万下,1200,ダ,400万
1985/11/30,エリカ賞(400万下),2000,芝,400万
1985/11/30,御影特別(1400万下),2000,芝,1400万
1985/11/30,高砂特別(900万下),1400,芝,900万
1985/11/30,4歳以上900万下,1800,ダ,900万
1985/11/24,3歳未勝利,1400,ダ,未勝利
1985/11/24,3歳未勝利,1200,ダ,未勝利
1985/11/24,3歳新馬,1400,ダ,新馬
1985/11/24,3歳新馬,1600,芝,新馬
1985/11/24,3歳400万下,1400,芝,400万
1985/11/24,4歳以上400万下,1600,ダ,400万
1985/11/24,芦ノ湖特別(400万下),1600,ダ,400万
1985/11/24,神代特別(900万下),1600,芝,900万
1985/11/24,4歳以上400万下,1600,ダ,400万
1985/11/24,ジャパンC(OP),2400,芝,OP
1985/11/24,4歳以上900万下,2100,ダ,900万
1985/11/24,4歳以上,1700,ダ,NoClass
1985/11/24,3歳未勝利,1400,芝,未勝利
1985/11/24,3歳新馬,1000,ダ,新馬
1985/11/24,3歳新馬,1800,芝,新馬
1985/11/24,4歳以上400万下,1700,ダ,400万
1985/11/24,4歳以上400万下,1600,ダ,400万
1985/11/24,4歳以上400万下,1700,ダ,400万
1985/11/24,カトレア賞(400万下),1800,芝,400万
1985/11/24,清洲特別(400万下),1200,芝,400万
1985/11/24,中京日経賞(900万下),2000,芝,900万
1985/11/24,4歳以上400万下,1800,芝,400万
1985/11/24,3歳未勝利,1200,ダ,未勝利
1985/11/24,3歳新馬,1200,ダ,新馬
1985/11/24,3歳新馬,1400,ダ,新馬
1985/11/24,3歳新馬,1200,ダ,新馬
1985/11/24,4歳以上未勝利,3000,障,未勝利
1985/11/24,4歳以上400万下,1700,ダ,400万
1985/11/24,4歳以上400万下,1800,ダ,400万
1985/11/24,4歳以上400万下,1400,ダ,400万
1985/11/24,京都3歳S(OP),1600,芝,OP
1985/11/24,山科特別(900万下),2400,芝,900万
1985/11/24,トパーズS(OP),2000,芝,OP
1985/11/24,4歳以上900万下,1200,ダ,900万
1985/11/23,3歳未勝利,1600,ダ,未勝利
1985/11/23,3歳未勝利,1400,ダ,未勝利
1985/11/23,3歳新馬,1200,ダ,新馬
1985/11/23,3歳新馬,1400,芝,新馬
1985/11/23,4歳以上400万下,1600,ダ,400万
1985/11/23,4歳以上未勝利,3100,障,未勝利
1985/11/23,4歳以上400万下,1600,ダ,400万
1985/11/23,4歳以上900万下,1700,ダ,900万
1985/11/23,白菊賞(400万下),1600,芝,400万
1985/11/23,霜月賞(1400万下),1600,ダ,1400万
1985/11/23,奥多摩特別(900万下),1800,芝,900万
1985/11/23,4歳以上400万下,1700,ダ,400万
1985/11/23,3歳未勝利,1000,ダ,未勝利
1985/11/23,3歳未勝利,1000,ダ,未勝利
1985/11/23,3歳未勝利,1800,芝,未勝利
1985/11/23,3歳新馬,1200,芝,新馬
1985/11/23,4歳以上400万下,1000,ダ,400万
1985/11/23,4歳以上400万下,1700,ダ,400万
1985/11/23,4歳以上400万下,1000,ダ,400万
1985/11/23,4歳以上400万下,1700,ダ,400万
1985/11/23,アラブ3歳特別(300万下),1700,ダ,300万
1985/11/23,犬山特別(400万下),2000,芝,400万
1985/11/23,豊明特別(900万下),1800,芝,900万
1985/11/23,4歳以上400万下,1700,ダ,400万
1985/11/23,3歳新馬,1400,ダ,新馬
1985/11/23,3歳未勝利,1400,ダ,未勝利
1985/11/23,3歳未勝利,1400,芝,未勝利
1985/11/23,4歳以上勝入400万円以下,3290,障,400万
1985/11/23,3歳新馬,1400,芝,新馬
1985/11/23,4歳以上400万下,1800,ダ,400万
1985/11/23,4歳以上400万下,2000,芝,400万
1985/11/23,3歳抽せん馬特別(400万下),1600,芝,400万
1985/11/23,岩倉特別(900万下),1400,ダ,900万
1985/11/23,高雄特別(1400万下),1600,芝,1400万
1985/11/23,4歳以上900万下,2000,芝,900万
1985/11/17,3歳未勝利,1000,芝,未勝利
1985/11/17,3歳新馬,1000,芝,新馬
1985/11/17,4歳未勝利,1700,ダ,未勝利
1985/11/17,4歳未勝利,1800,芝,未勝利
1985/11/17,4歳未勝利,1800,芝,未勝利
1985/11/17,4歳未勝利,1800,芝,未勝利
1985/11/17,4歳未勝利,1800,芝,未勝利
1985/11/17,4歳以上400万下,1800,芝,400万
1985/11/17,福島3歳S(OP),1000,芝,OP
1985/11/17,会津特別(400万下),1800,芝,400万
1985/11/17,福島記念(OP),2000,芝,OP
1985/11/17,4歳以上400万下,1700,芝,400万
1985/11/17,3歳新馬,1600,芝,新馬
1985/11/17,3歳新馬,1400,芝,新馬
1985/11/17,3歳未勝利,1600,芝,未勝利
1985/11/17,4歳以上400万下,1600,ダ,400万
1985/11/17,4歳以上400万下,2000,芝,400万
1985/11/17,4歳以上勝入400万円以下,3300,障,400万
1985/11/17,4歳以上400万下,2000,芝,400万
1985/11/17,府中3歳S(OP),1800,芝,OP
1985/11/17,4歳以上900万下,1400,ダ,900万
1985/11/17,南武特別(900万下),1600,ダ,900万
1985/11/17,アルゼンチン共和国杯(OP),2500,芝,OP
1985/11/17,4歳以上900万下,1800,芝,900万
1985/11/17,3歳未勝利,1200,ダ,未勝利
1985/11/17,3歳未勝利,1600,芝,未勝利
1985/11/17,3歳新馬,1200,ダ,新馬
1985/11/17,4歳以上400万下,1400,ダ,400万
1985/11/17,4歳以上未勝利,3000,障,未勝利
1985/11/17,4歳以上400万下,1400,ダ,400万
1985/11/17,4歳以上400万下,2400,芝,400万
1985/11/17,4歳以上900万下,1600,芝,900万
1985/11/17,かえで賞(400万下),1400,芝,400万
1985/11/17,比良特別(900万下),2000,芝,900万
1985/11/17,マイルチャンピオンシ(OP),1600,芝,OP
1985/11/17,4歳以上900万下,1800,ダ,900万
1985/11/16,4歳未勝利,1000,ダ,未勝利
1985/11/16,3歳未勝利,1000,芝,未勝利
1985/11/16,4歳未勝利,1000,芝,未勝利
1985/11/16,4歳未勝利,1800,芝,未勝利
1985/11/16,4歳未勝利,1800,芝,未勝利
1985/11/16,4歳未勝利,1800,芝,未勝利
1985/11/16,4歳未勝利,1800,芝,未勝利
1985/11/16,4歳以上400万下,1700,ダ,400万
1985/11/16,福島アラブ3歳ステー(OP),1700,芝,OP
1985/11/16,蔵王特別(400万下),2000,芝,400万
1985/11/16,みちのくS(900万下),2600,芝,900万
1985/11/16,4歳以上400万下,1800,芝,400万
1985/11/16,3歳未勝利,1200,ダ,未勝利
1985/11/16,3歳未勝利,1400,芝,未勝利
1985/11/16,3歳新馬,1800,芝,新馬
1985/11/16,4歳以上400万下,1700,ダ,400万
1985/11/16,4歳以上400万下,1400,ダ,400万
1985/11/16,4歳以上未勝利,3100,障,未勝利
1985/11/16,4歳以上400万下,1600,ダ,400万
1985/11/16,4歳以上400万下,1400,ダ,400万
1985/11/16,3歳抽せん馬特別(400万下),1600,芝,400万
1985/11/16,初冬特別(900万下),2400,芝,900万
1985/11/16,ユートピアS(1400万下),1600,芝,1400万
1985/11/16,4歳以上900万下,2000,芝,900万
1985/11/16,3歳勝入,1700,ダ,NoClass
1985/11/16,3歳未勝利,1400,ダ,未勝利
1985/11/16,3歳未勝利,1400,芝,未勝利
1985/11/16,3歳新馬,1200,芝,新馬
1985/11/16,4歳以上,3290,障,NoClass
1985/11/16,3歳400万下,1200,芝,400万
1985/11/16,4歳以上400万下,1700,ダ,400万
1985/11/16,4歳以上900万下,1700,ダ,900万
1985/11/16,逢坂山特別(400万下),1200,芝,400万
1985/11/16,花園特別(900万下),1400,芝,900万
1985/11/16,清滝特別(1400万下),2200,芝,1400万
1985/11/16,4歳以上900万下,1700,ダ,900万
1985/11/10,3歳300万下,1000,芝,300万
1985/11/10,3歳未勝利,1000,芝,未勝利
1985/11/10,4歳未勝利,1000,ダ,未勝利
1985/11/10,4歳未勝利,1000,ダ,未勝利
1985/11/10,4歳未勝利,1800,芝,未勝利
1985/11/10,4歳未勝利,1800,芝,未勝利
1985/11/10,4歳未勝利,1800,芝,未勝利
1985/11/10,4歳以上400万下,1700,ダ,400万
1985/11/10,アラブ王冠(OP),1800,芝,OP
1985/11/10,渡利特別(400万下),2000,芝,400万
1985/11/10,ラジオ福島賞(900万下),1800,芝,900万
1985/11/10,4歳以上400万下,1700,芝,400万
1985/11/10,3歳未勝利,1600,芝,未勝利
1985/11/10,3歳新馬,1600,芝,新馬
1985/11/10,3歳新馬,1400,芝,新馬
1985/11/10,3歳未勝利,1400,ダ,未勝利
1985/11/10,4歳以上400万下,1700,ダ,400万
1985/11/10,4歳以上400万下,1400,ダ,400万
1985/11/10,富士S(OP),1800,芝,OP
1985/11/10,4歳以上400万下,1400,ダ,400万
1985/11/10,4歳以上900万下,2000,芝,900万
1985/11/10,相模湖特別(400万下),2300,芝,400万
1985/11/10,鷹巣山特別(900万下),1400,芝,900万
1985/11/10,4歳以上900万下,1600,ダ,900万
1985/11/10,3歳未勝利,1400,ダ,未勝利
1985/11/10,3歳未勝利,1200,ダ,未勝利
1985/11/10,3歳未勝利,1600,芝,未勝利
1985/11/10,3歳新馬,1200,ダ,新馬
1985/11/10,3歳新馬,1400,芝,新馬
1985/11/10,4歳以上400万下,1800,ダ,400万
1985/11/10,4歳以上900万下,1400,芝,900万
1985/11/10,御陵特別(400万下),2000,芝,400万
1985/11/10,天王山特別(900万下),1800,ダ,900万
1985/11/10,菊花賞(OP),3000,芝,OP
1985/11/10,4歳以上400万下,1800,ダ,400万
1985/11/09,3歳未勝利,1000,芝,未勝利
1985/11/09,3歳未勝利,1700,芝,未勝利
1985/11/09,3歳新馬,1000,芝,新馬
1985/11/09,4歳未勝利,1000,芝,未勝利
1985/11/09,4歳未勝利,1700,ダ,未勝利
1985/11/09,4歳未勝利,1000,芝,未勝利
1985/11/09,4歳未勝利,1800,芝,未勝利
1985/11/09,4歳未勝利,1800,芝,未勝利
1985/11/09,原町特別(400万下),2600,芝,400万
1985/11/09,秋元湖特別(400万下),1000,芝,400万
1985/11/09,4歳以上400万下,1800,芝,400万
1985/11/09,3歳未勝利,1800,芝,未勝利
1985/11/09,3歳未勝利,1400,芝,未勝利
1985/11/09,3歳新馬,1200,ダ,新馬
1985/11/09,3歳新馬,1400,芝,新馬
1985/11/09,4歳以上400万下,1600,芝,400万
1985/11/09,4歳以上未勝利,3100,障,未勝利
1985/11/09,4歳以上400万下,1600,ダ,400万
1985/11/09,トパーズS(1400万下),2400,芝,1400万
1985/11/09,4歳以上400万下,1600,芝,400万
1985/11/09,黄菊賞(400万下),1200,ダ,400万
1985/11/09,御岳特別(900万下),1800,芝,900万
1985/11/09,4歳以上900万下,1600,ダ,900万
1985/11/09,3歳未勝利,1400,ダ,未勝利
1985/11/09,3歳未勝利,1200,ダ,未勝利
1985/11/09,3歳新馬,1400,ダ,新馬
1985/11/09,3歳新馬,1200,ダ,新馬
1985/11/09,4歳以上未勝利,3000,障,未勝利
1985/11/09,4歳以上400万下,1400,ダ,400万
1985/11/09,4歳以上400万下,1800,ダ,400万
1985/11/09,4歳以上400万下,1400,ダ,400万
1985/11/09,白菊賞(400万下),1600,芝,400万
1985/11/09,ノベンバーハンデキャ(1400万下),2000,芝,1400万
1985/11/09,八瀬特別(900万下),2400,芝,900万
1985/11/09,4歳以上900万下,1900,ダ,900万
1985/11/03,3歳,1000,芝,NoClass
1985/11/03,3歳新馬,1000,芝,新馬
1985/11/03,4歳未勝利,1700,ダ,未勝利
1985/11/03,4歳未勝利,1000,芝,未勝利
1985/11/03,4歳未勝利,1700,ダ,未勝利
1985/11/03,4歳未勝利,1800,芝,未勝利
1985/11/03,4歳未勝利,1800,芝,未勝利
1985/11/03,4歳以上400万下,1800,芝,400万
1985/11/03,野菊賞(400万下),1700,芝,400万
1985/11/03,霊山特別(400万下),2000,芝,400万
1985/11/03,福島民友C(OP),1800,芝,OP
1985/11/03,4歳以上400万下,1700,芝,400万
1985/11/03,3歳未勝利,1600,芝,未勝利
1985/11/03,3歳新馬,1400,芝,新馬
1985/11/03,3歳新馬,1800,芝,新馬
1985/11/03,3歳新馬,1400,芝,新馬
1985/11/03,4歳以上400万下,1700,ダ,400万
1985/11/03,4歳以上未勝利,3100,障,未勝利
1985/11/03,4歳以上400万下,1400,ダ,400万
1985/11/03,4歳以上400万下,1800,芝,400万
1985/11/03,立冬特別(900万下),2000,芝,900万
1985/11/03,根岸S(OP),1400,ダ,OP
1985/11/03,京成杯3歳S(G3),1400,芝,G3
1985/11/03,4歳以上900万下,1600,芝,900万
1985/11/03,4歳以上400万下,3290,障,400万
1985/11/03,3歳300万下,1400,ダ,300万
1985/11/03,3歳未勝利,1200,芝,未勝利
1985/11/03,3歳新馬,1600,芝,新馬
1985/11/03,3歳新馬,1200,芝,新馬
1985/11/03,4歳以上400万下,1800,ダ,400万
1985/11/03,4歳以上400万下,2200,芝,400万
1985/11/03,東山特別(900万下),1600,芝,900万
1985/11/03,太秦特別(1400万下),1800,ダ,1400万
1985/11/03,エリザベス女王杯(OP),2400,芝,OP
1985/11/03,4歳以上900万下,1800,ダ,900万
1985/11/02,3歳未勝利,1000,芝,未勝利
1985/11/02,4歳以上,1700,芝,NoClass
1985/11/02,3歳未勝利,1000,芝,未勝利
1985/11/02,4歳未勝利,1000,ダ,未勝利
1985/11/02,4歳未勝利,1000,ダ,未勝利
1985/11/02,4歳未勝利,1800,芝,未勝利
1985/11/02,4歳未勝利,1800,芝,未勝利
1985/11/02,4歳以上400万下,1000,ダ,400万
1985/11/02,伊達特別(400万下),1800,芝,400万
1985/11/02,磐梯山特別(900万下),2000,芝,900万
1985/11/02,4歳以上400万下,1800,芝,400万
1985/11/02,3歳未勝利,1200,ダ,未勝利
1985/11/02,3歳未勝利,1400,芝,未勝利
1985/11/02,4歳以上400万下,1600,ダ,400万
1985/11/02,3歳新馬,1600,芝,新馬
1985/11/02,3歳新馬,1400,ダ,新馬
1985/11/02,3歳400万下,1600,芝,400万
1985/11/02,4歳以上400万下,1600,ダ,400万
1985/11/02,4歳以上400万下,1400,ダ,400万
1985/11/02,東京障害特別(OP),3300,障,OP
1985/11/02,ノベンバーS(1400万下),2000,芝,1400万
1985/11/02,秋嶺賞(900万下),1800,芝,900万
1985/11/02,4歳以上900万下,1400,ダ,900万
1985/11/02,3歳未勝利,1200,ダ,未勝利
1985/11/02,3歳未勝利,1400,ダ,未勝利
1985/11/02,3歳新馬,1200,ダ,新馬
1985/11/02,3歳新馬,1400,芝,新馬
1985/11/02,4歳以上未勝利,3000,障,未勝利
1985/11/02,4歳以上400万下,1400,ダ,400万
1985/11/02,4歳以上400万下,1600,芝,400万
1985/11/02,4歳以上400万下,1600,芝,400万
1985/11/02,大原S(OP),2400,芝,OP
1985/11/02,衣笠特別(900万下),2200,芝,900万
1985/11/02,デイリー杯3歳ステー(OP),1400,芝,OP
1985/11/02,4歳以上900万下,2000,芝,900万
1985/10/27,4歳以上,1800,芝,NoClass
1985/10/27,3歳未勝利,1000,芝,未勝利
1985/10/27,4歳未勝利,1000,芝,未勝利
1985/10/27,3歳新馬,1000,芝,新馬
1985/10/27,4歳未勝利,1700,ダ,未勝利
1985/10/27,4歳未勝利,1000,芝,未勝利
1985/10/27,4歳未勝利,1800,芝,未勝利
1985/10/27,4歳未勝利,1800,芝,未勝利
1985/10/27,4歳以上400万下,1000,ダ,400万
1985/10/27,相馬特別(400万下),2000,芝,400万
1985/10/27,河北新報杯(900万下),1800,芝,900万
1985/10/27,4歳以上400万下,1800,芝,400万
1985/10/27,3歳未勝利,1400,ダ,未勝利
1985/10/27,3歳未勝利,1600,芝,未勝利
1985/10/27,3歳新馬,1200,ダ,新馬
1985/10/27,3歳新馬,1400,芝,新馬
1985/10/27,4歳以上400万下,1700,ダ,400万
1985/10/27,4歳以上400万下,1600,ダ,400万
1985/10/27,4歳以上900万下,1800,芝,900万
1985/10/27,紅葉特別(900万下),1600,芝,900万
1985/10/27,精進湖特別(400万下),1600,ダ,400万
1985/10/27,天皇賞(OP),2000,芝,OP
1985/10/27,4歳以上900万下,1400,ダ,900万
1985/10/27,3歳未勝利,1200,ダ,未勝利
1985/10/27,3歳新馬,1600,芝,新馬
1985/10/27,4歳以上400万下,1400,ダ,400万
1985/10/27,4歳以上400万下,1400,ダ,400万
1985/10/27,4歳以上未勝利,3000,障,未勝利
1985/10/27,4歳以上400万下,2000,芝,400万
1985/10/27,4歳以上400万下,1600,芝,400万
1985/10/27,4歳以上900万下,1700,ダ,900万
1985/10/27,もみじ賞(OP),1600,芝,OP
1985/10/27,鳴滝特別(900万下),2400,芝,900万
1985/10/27,スワンS(OP),1400,芝,OP
1985/10/27,4歳以上900万下,2000,芝,900万
1985/10/26,3歳未勝利,1000,芝,未勝利
1985/10/26,4歳未勝利,1000,ダ,未勝利
1985/10/26,4歳未勝利,1000,ダ,未勝利
1985/10/26,4歳未勝利,1800,芝,未勝利
1985/10/26,4歳未勝利,1800,芝,未勝利
1985/10/26,4歳未勝利,1800,芝,未勝利
1985/10/26,4歳未勝利,1800,芝,未勝利
1985/10/26,4歳以上400万下,2000,芝,400万
1985/10/26,アラブ3歳特別(300万下),1700,芝,300万
1985/10/26,金華山特別(400万下),1800,芝,400万
1985/10/26,4歳以上400万下,1800,芝,400万
1985/10/26,3歳未勝利,1200,ダ,未勝利
1985/10/26,3歳新馬,1600,芝,新馬
1985/10/26,4歳以上400万下,1700,ダ,400万
1985/10/26,4歳以上未勝利,3100,障,未勝利
1985/10/26,4歳以上400万下,1600,ダ,400万
1985/10/26,4歳以上400万下,1400,ダ,400万
1985/10/26,4歳以上900万下,1700,ダ,900万
1985/10/26,いちょう特別(OP),1600,芝,OP
1985/10/26,府中S(1400万下),1600,芝,1400万
1985/10/26,赤富士賞(900万下),2000,芝,900万
1985/10/26,4歳以上900万下,1600,ダ,900万
1985/10/26,3歳未勝利,1200,ダ,未勝利
1985/10/26,3歳未勝利,1200,芝,未勝利
1985/10/26,3歳新馬,1200,ダ,新馬
1985/10/26,3歳新馬,1400,芝,新馬
1985/10/26,4歳以上400万下,1800,ダ,400万
1985/10/26,4歳以上400万下,1400,芝,400万
1985/10/26,4歳以上400万下,2200,芝,400万
1985/10/26,4歳以上400万下,1400,芝,400万
1985/10/26,京都大障害(OP),3270,障,OP
1985/10/26,清水特別(900万下),1400,芝,900万
1985/10/26,オクトーバーステーク(1400万下),1600,芝,1400万
1985/10/26,4歳以上900万下,1600,芝,900万
1985/10/20,4歳以上,1700,芝,NoClass
1985/10/20,3歳新馬,1000,芝,新馬
1985/10/20,4歳未勝利,1700,ダ,未勝利
1985/10/20,4歳未勝利,1700,ダ,未勝利
1985/10/20,4歳未勝利,1000,芝,未勝利
1985/10/20,4歳未勝利,1800,芝,未勝利
1985/10/20,4歳未勝利,1800,芝,未勝利
1985/10/20,きんもくせい特別(400万下),1700,芝,400万
1985/10/20,高湯特別(400万下),2000,芝,400万
1985/10/20,カブトヤマ記念(OP),1800,芝,OP
1985/10/20,4歳以上400万下,1700,ダ,400万
1985/10/20,3歳未勝利,1400,ダ,未勝利
1985/10/20,3歳新馬,1400,芝,新馬
1985/10/20,4歳以上400万下,1700,ダ,400万
1985/10/20,4歳以上400万下,1400,芝,400万
1985/10/20,4歳以上勝入400万円以下,3300,障,400万
1985/10/20,4歳以上400万下,1600,ダ,400万
1985/10/20,4歳以上400万下,1400,芝,400万
1985/10/20,4歳以上900万下,1800,芝,900万
1985/10/20,西湖特別(400万下),1600,芝,400万
1985/10/20,多摩川特別(900万下),1400,芝,900万
1985/10/20,東京スポーツ杯(OP),2400,芝,OP
1985/10/20,4歳以上900万下,1600,ダ,900万
1985/10/20,3歳未勝利,1400,ダ,未勝利
1985/10/20,3歳未勝利,1200,ダ,未勝利
1985/10/20,3歳未勝利,1200,ダ,未勝利
1985/10/20,3歳新馬,1200,芝,新馬
1985/10/20,4歳以上未勝利,3000,障,未勝利
1985/10/20,4歳以上400万下,1800,ダ,400万
1985/10/20,4歳以上400万下,1700,ダ,400万
1985/10/20,4歳以上900万下,2200,芝,900万
1985/10/20,堀川特別(400万下),1600,芝,400万
1985/10/20,京都競馬場開設60周(900万下),2000,芝,900万
1985/10/20,京都新聞杯(OP),2200,芝,OP
1985/10/20,4歳以上900万下,1800,ダ,900万
1985/10/19,3歳未勝利,1000,芝,未勝利
1985/10/19,3歳未勝利,1000,芝,未勝利
1985/10/19,4歳未勝利,1000,ダ,未勝利
1985/10/19,4歳未勝利,1000,ダ,未勝利
1985/10/19,4歳未勝利,1800,芝,未勝利
1985/10/19,4歳未勝利,1800,芝,未勝利
1985/10/19,4歳未勝利,1800,芝,未勝利
1985/10/19,アラブ3歳S(OP),1000,芝,OP
1985/10/19,桑折特別(400万下),1800,芝,400万
1985/10/19,檜原湖特別(900万下),2000,芝,900万
1985/10/19,4歳未勝利,1800,芝,未勝利
1985/10/19,3歳未勝利,1200,ダ,未勝利
1985/10/19,3歳新馬,1600,芝,新馬
1985/10/19,3歳未勝利,1400,芝,未勝利
1985/10/19,4歳以上未勝利,3100,障,未勝利
1985/10/19,4歳以上400万下,1700,ダ,400万
1985/10/19,4歳以上400万下,1600,ダ,400万
1985/10/19,4歳以上400万下,1400,ダ,400万
1985/10/19,サフラン賞(400万下),1400,芝,400万
1985/10/19,本栖湖特別(400万下),1800,芝,400万
1985/10/19,晩秋特別(900万下),1600,ダ,900万
1985/10/19,4歳以上900万下,2000,芝,900万
1985/10/19,3歳勝入,1400,ダ,NoClass
1985/10/19,3歳未勝利,1400,ダ,未勝利
1985/10/19,3歳未勝利,1600,芝,未勝利
1985/10/19,3歳新馬,1200,ダ,新馬
1985/10/19,4歳以上400万下,1400,ダ,400万
1985/10/19,4歳以上400万下,1800,ダ,400万
1985/10/19,4歳以上400万下,1400,ダ,400万
1985/10/19,4歳以上400万下,2000,芝,400万
1985/10/19,りんどう賞(400万下),1400,芝,400万
1985/10/19,比叡S(1400万下),2000,芝,1400万
1985/10/19,鞍馬特別(900万下),1600,芝,900万
1985/10/19,4歳以上900万下,1800,ダ,900万
1985/10/13,4歳未勝利,1000,ダ,未勝利
1985/10/13,3歳新馬,1000,芝,新馬
1985/10/13,4歳未勝利,1000,ダ,未勝利
1985/10/13,4歳未勝利,1700,ダ,未勝利
1985/10/13,4歳未勝利,1800,芝,未勝利
1985/10/13,4歳未勝利,1700,芝,未勝利
1985/10/13,保原特別(OP),2000,芝,OP
1985/10/13,飯坂特別(900万下),2600,芝,900万
1985/10/13,喜多方特別(400万下),1800,芝,400万
1985/10/13,4歳以上400万下,1800,芝,400万
1985/10/13,3歳未勝利,1600,ダ,未勝利
1985/10/13,4歳以上400万下,1700,ダ,400万
1985/10/13,3歳新馬,1400,ダ,新馬
1985/10/13,4歳以上,3300,障,NoClass
1985/10/13,3歳新馬,1200,ダ,新馬
1985/10/13,4歳以上400万下,1600,ダ,400万
1985/10/13,4歳以上400万下,1700,ダ,400万
1985/10/13,アジア競馬会議創設2(1400万下),1800,芝,1400万
1985/10/13,アジア競馬会議加盟国(900万下),1800,芝,900万
1985/10/13,牝馬東京タイムズ杯(OP),1600,芝,OP
1985/10/13,4歳以上900万下,1700,ダ,900万
1985/10/13,3歳未勝利,1400,芝,未勝利
1985/10/13,3歳新馬,1200,ダ,新馬
1985/10/13,3歳新馬,1400,芝,新馬
1985/10/13,4歳以上400万下,1600,芝,400万
1985/10/13,4歳以上400万下,3000,障,400万
1985/10/13,4歳以上400万下,1800,ダ,400万
1985/10/13,4歳以上400万下,2000,芝,400万
1985/10/13,4歳以上400万下,1600,芝,400万
1985/10/13,愛宕特別(900万下),1200,芝,900万
1985/10/13,貴船特別(1400万下),1400,ダ,1400万
1985/10/13,関西テレビ放送賞ロー(OP),2000,芝,OP
1985/10/13,4歳以上900万下,1700,ダ,900万
1985/10/12,3歳未勝利,1000,芝,未勝利
1985/10/12,3歳未勝利,1700,芝,未勝利
1985/10/12,4歳未勝利,1700,ダ,未勝利
1985/10/12,4歳未勝利,1000,芝,未勝利
1985/10/12,4歳未勝利,1000,芝,未勝利
1985/10/12,4歳未勝利,1800,芝,未勝利
1985/10/12,4歳未勝利,1800,芝,未勝利
1985/10/12,土湯特別(400万下),1000,芝,400万
1985/10/12,医王寺特別(400万下),2000,芝,400万
1985/10/12,4歳未勝利,1800,芝,未勝利
1985/10/12,3歳未勝利,1200,ダ,未勝利
1985/10/12,3歳未勝利,1400,ダ,未勝利
1985/10/12,3歳新馬,1600,ダ,新馬
1985/10/12,4歳以上400万下,1700,ダ,400万
1985/10/12,4歳以上未勝利,3100,障,未勝利
1985/10/12,4歳以上400万下,1700,ダ,400万
1985/10/12,4歳以上900万下,2300,ダ,900万
1985/10/12,アイビーS(OP),1400,芝,OP
1985/10/12,4歳以上400万下,1400,ダ,400万
1985/10/12,河口湖特別(400万下),2000,芝,400万
1985/10/12,アジア競馬会議加盟国(900万下),1600,芝,900万
1985/10/12,4歳以上400万下,1600,ダ,400万
1985/10/12,3歳未勝利,1200,ダ,未勝利
1985/10/12,3歳未勝利,1200,ダ,未勝利
1985/10/12,3歳新馬,1200,芝,新馬
1985/10/12,4歳以上400万下,1400,ダ,400万
1985/10/12,4歳以上未勝利,3000,障,未勝利
1985/10/12,4歳以上400万下,1800,ダ,400万
1985/10/12,4歳以上400万下,1400,ダ,400万
1985/10/12,4歳以上400万下,2000,芝,400万
1985/10/12,嵐山特別(1400万下),3000,芝,1400万
1985/10/12,萩S(OP),1200,芝,OP
1985/10/12,桂川特別(900万下),1800,ダ,900万
1985/10/12,4歳以上900万下,2000,芝,900万
1985/10/06,4歳未勝利,1700,ダ,未勝利
1985/10/06,3歳新馬,1000,芝,新馬
1985/10/06,4歳未勝利,1000,芝,未勝利
1985/10/06,4歳未勝利,1800,芝,未勝利
1985/10/06,4歳未勝利,1700,芝,未勝利
1985/10/06,4歳未勝利,1700,ダ,未勝利
1985/10/06,アラブ3歳特別(300万下),1700,芝,300万
1985/10/06,勿来特別(400万下),1800,芝,400万
1985/10/06,福島民報杯(OP),2000,芝,OP
1985/10/06,4歳以上400万下,1700,ダ,400万
1985/10/06,3歳未勝利,1200,ダ,未勝利
1985/10/06,3歳未勝利,1200,ダ,未勝利
1985/10/06,3歳新馬,1400,芝,新馬
1985/10/06,4歳以上400万下,3100,障,400万
1985/10/06,3歳新馬,1600,芝,新馬
1985/10/06,4歳以上400万下,1700,ダ,400万
1985/10/06,4歳以上400万下,1600,ダ,400万
1985/10/06,山中湖特別(400万下),1600,芝,400万
1985/10/06,津久井特別(900万下),2000,芝,900万
1985/10/06,毎日王冠(OP),1800,芝,OP
1985/10/06,4歳以上900万下,1600,芝,900万
1985/10/06,3歳300万下,1400,ダ,300万
1985/10/06,3歳未勝利,1400,ダ,未勝利
1985/10/06,3歳新馬,1200,芝,新馬
1985/10/06,4歳以上400万下,1700,ダ,400万
1985/10/06,4歳以上未勝利,3000,障,未勝利
1985/10/06,3歳新馬,1600,芝,新馬
1985/10/06,4歳以上400万下,1700,ダ,400万
1985/10/06,黄菊賞(400万下),1600,芝,400万
1985/10/06,4歳以上400万下,2000,芝,400万
1985/10/06,保津峡特別(900万下),1600,芝,900万
1985/10/06,京都大賞典(OP),2400,芝,OP
1985/10/06,4歳以上900万下,2000,芝,900万
1985/10/05,3歳未勝利,1000,芝,未勝利
1985/10/05,3歳未勝利,1000,芝,未勝利
1985/10/05,4歳未勝利,1000,ダ,未勝利
1985/10/05,4歳未勝利,1000,ダ,未勝利
1985/10/05,4歳未勝利,1800,芝,未勝利
1985/10/05,4歳未勝利,1700,芝,未勝利
1985/10/05,4歳未勝利,1800,芝,未勝利
1985/10/05,文知摺特別(400万下),2000,芝,400万
1985/10/05,五色沼特別(900万下),2000,芝,900万
1985/10/05,4歳未勝利,1700,芝,未勝利
1985/10/05,3歳未勝利,1400,芝,未勝利
1985/10/05,3歳新馬,1200,ダ,新馬
1985/10/05,3歳新馬,1400,芝,新馬
1985/10/05,4歳以上400万下,1400,ダ,400万
1985/10/05,4歳以上未勝利,3100,障,未勝利
1985/10/05,4歳以上400万下,1400,ダ,400万
1985/10/05,4歳以上400万下,1600,ダ,400万
1985/10/05,六社特別(900万下),1800,芝,900万
1985/10/05,4歳以上400万下,2000,芝,400万
1985/10/05,りんどう賞(400万下),1600,芝,400万
1985/10/05,オクトーバーハンデキ(1400万下),2400,芝,1400万
1985/10/05,4歳以上900万下,1400,ダ,900万
1985/10/05,3歳未勝利,1400,ダ,未勝利
1985/10/05,3歳未勝利,1200,芝,未勝利
1985/10/05,3歳新馬,1200,ダ,新馬
1985/10/05,4歳以上400万下,1400,芝,400万
1985/10/05,4歳以上,3290,障,NoClass
1985/10/05,3歳新馬,1400,芝,新馬
1985/10/05,4歳以上400万下,1800,ダ,400万
1985/10/05,4歳以上400万下,1400,芝,400万
1985/10/05,北野特別(400万下),2400,芝,400万
1985/10/05,オパールS(OP),1200,芝,OP
1985/10/05,嵯峨野特別(900万下),2200,芝,900万
1985/10/05,4歳以上900万下,1800,ダ,900万
1985/09/29,4歳未勝利,1700,ダ,未勝利
1985/09/29,3歳新馬,1000,芝,新馬
1985/09/29,4歳未勝利,1700,芝,未勝利
1985/09/29,4歳未勝利,1800,芝,未勝利
1985/09/29,4歳未勝利,1800,芝,未勝利
1985/09/29,二本松特別(400万下),1000,芝,400万
1985/09/29,福島中央テレビ杯(900万下),1800,芝,900万
1985/09/29,4歳未勝利,1000,芝,未勝利
1985/09/29,3歳新馬,1200,芝,新馬
1985/09/29,4歳未勝利,1800,ダ,未勝利
1985/09/29,4歳未勝利,1800,ダ,未勝利
1985/09/29,3歳未勝利,1200,芝,未勝利
1985/09/29,3歳新馬,1600,芝,新馬
1985/09/29,4歳以上400万下,1800,ダ,400万
1985/09/29,4歳以上400万下,1800,ダ,400万
1985/09/29,4歳以上400万下,1200,芝,400万
1985/09/29,犬吠埼特別(400万下),1800,芝,400万
1985/09/29,上総特別(900万下),1600,芝,900万
1985/09/29,ラジオ日本賞セントラ(OP),2200,芝,OP
1985/09/29,4歳以上900万下,1800,芝,900万
1985/09/29,3歳未勝利,1200,ダ,未勝利
1985/09/29,3歳未勝利,1200,ダ,未勝利
1985/09/29,3歳新馬,1200,ダ,新馬
1985/09/29,3歳新馬,1200,ダ,新馬
1985/09/29,3歳新馬,1200,ダ,新馬
1985/09/29,4歳未勝利,1800,ダ,未勝利
1985/09/29,4歳以上400万下,1700,ダ,400万
1985/09/29,4歳以上400万下,1900,ダ,400万
1985/09/29,川西特別(400万下),1800,ダ,400万
1985/09/29,瀬戸内海特別(900万下),1600,芝,900万
1985/09/29,神戸新聞杯(OP),2000,芝,OP
1985/09/29,4歳以上400万下,1700,ダ,400万
1985/09/28,3歳未勝利,1000,芝,未勝利
1985/09/28,3歳未勝利,1000,芝,未勝利
1985/09/28,4歳未勝利,1800,芝,未勝利
1985/09/28,4歳未勝利,1800,芝,未勝利
1985/09/28,4歳未勝利,1700,ダ,未勝利
1985/09/28,常葉特別(OP),1800,芝,OP
1985/09/28,松川浦特別(400万下),2000,芝,400万
1985/09/28,4歳未勝利,1000,ダ,未勝利
1985/09/28,3歳新馬,1200,芝,新馬
1985/09/28,3歳新馬,1200,芝,新馬
1985/09/28,4歳未勝利,1800,ダ,未勝利
1985/09/28,4歳以上400万下,1600,芝,400万
1985/09/28,4歳以上未勝利,3200,障,未勝利
1985/09/28,4歳以上400万下,1800,ダ,400万
1985/09/28,4歳以上400万下,1600,芝,400万
1985/09/28,4歳以上400万下,2200,芝,400万
1985/09/28,芙蓉特別(OP),1600,芝,OP
1985/09/28,九十九里特別(900万下),2500,芝,900万
1985/09/28,オータムスプリントス(OP),1200,芝,OP
1985/09/28,4歳以上900万下,1800,ダ,900万
1985/09/28,3歳未勝利,1200,ダ,未勝利
1985/09/28,3歳新馬,1600,芝,新馬
1985/09/28,4歳未勝利,1800,ダ,未勝利
1985/09/28,4歳未勝利,1800,ダ,未勝利
1985/09/28,4歳以上未勝利,3000,障,未勝利
1985/09/28,4歳以上400万下,1800,ダ,400万
1985/09/28,4歳以上400万下,1200,ダ,400万
1985/09/28,4歳以上400万下,2000,芝,400万
1985/09/28,野路菊賞(OP),1600,芝,OP
1985/09/28,兵庫特別(900万下),2500,芝,900万
1985/09/28,ムーンライトハンデキ(1400万下),2200,芝,1400万
1985/09/28,4歳以上900万下,1800,ダ,900万
1985/09/22,3歳新馬,1000,芝,新馬
1985/09/22,4歳未勝利,1800,芝,未勝利
1985/09/22,4歳以上400万下,1200,芝,400万
1985/09/22,4歳以上400万下,1700,ダ,400万
1985/09/22,4歳以上400万下,1200,芝,400万
1985/09/22,大沼S(900万下),2000,芝,900万
1985/09/22,十和田湖特別(400万下),1800,芝,400万
1985/09/22,函館3歳S(OP),1200,芝,OP
1985/09/22,4歳以上900万下,1700,芝,900万
1985/09/22,3歳未勝利,1600,芝,未勝利
1985/09/22,3歳新馬,1200,芝,新馬
1985/09/22,3歳未勝利,1200,ダ,未勝利
1985/09/22,4歳未勝利,1200,ダ,未勝利
1985/09/22,4歳未勝利,1200,ダ,未勝利
1985/09/22,4歳未勝利,2000,芝,未勝利
1985/09/22,4歳以上400万下,1800,ダ,400万
1985/09/22,4歳以上400万下,2000,芝,400万
1985/09/22,佐倉特別(400万下),2500,芝,400万
1985/09/22,秋分賞(900万下),1200,ダ,900万
1985/09/22,サンケイ賞オールカマ(OP),2200,芝,OP
1985/09/22,4歳以上900万下,1600,芝,900万
1985/09/22,3歳未勝利,1200,ダ,未勝利
1985/09/22,3歳新馬,1200,芝,新馬
1985/09/22,3歳未勝利,1400,芝,未勝利
1985/09/22,4歳以上未勝利,1800,ダ,未勝利
1985/09/22,4歳未勝利,1600,芝,未勝利
1985/09/22,4歳未勝利,1600,芝,未勝利
1985/09/22,4歳以上400万下,1800,ダ,400万
1985/09/22,4歳以上400万下,1200,ダ,400万
1985/09/22,タマツバキ記念(OP),2000,芝,OP
1985/09/22,セプテンバーハンデキ(OP),1800,ダ,OP
1985/09/22,秋分特別(900万下),1400,芝,900万
1985/09/22,4歳以上400万下,2000,芝,400万
1985/09/21,3歳新馬,1200,芝,新馬
1985/09/21,3歳未勝利,1000,芝,未勝利
1985/09/21,4歳未勝利,1000,ダ,未勝利
1985/09/21,4歳未勝利,1200,芝,未勝利
1985/09/21,4歳以上400万下,2000,芝,400万
1985/09/21,4歳以上400万下,2000,芝,400万
1985/09/21,コスモス賞(OP),1700,芝,OP
1985/09/21,STV杯(900万下),1800,芝,900万
1985/09/21,4歳以上400万下,1800,芝,400万
1985/09/21,3歳勝入,1200,ダ,NoClass
1985/09/21,3歳未勝利,1200,芝,未勝利
1985/09/21,3歳新馬,1200,芝,新馬
1985/09/21,4歳未勝利,1700,ダ,未勝利
1985/09/21,4歳以上勝入400万円以下,3200,障,400万
1985/09/21,4歳未勝利,1600,芝,未勝利
1985/09/21,4歳未勝利,1600,芝,未勝利
1985/09/21,セプテンバーステーク(1400万下),1800,芝,1400万
1985/09/21,4歳未勝利,1800,ダ,未勝利
1985/09/21,袖ケ浦特別(400万下),1200,ダ,400万
1985/09/21,葛飾特別(900万下),2000,芝,900万
1985/09/21,4歳以上400万下,1600,芝,400万
1985/09/21,3歳未勝利,1200,ダ,未勝利
1985/09/21,3歳勝入,1200,ダ,NoClass
1985/09/21,3歳新馬,1400,芝,新馬
1985/09/21,4歳未勝利,1200,ダ,未勝利
1985/09/21,4歳以上勝入400万円以下,3200,障,400万
1985/09/21,4歳未勝利,1800,ダ,未勝利
1985/09/21,4歳未勝利,1200,ダ,未勝利
1985/09/21,4歳以上400万下,1800,ダ,400万
1985/09/21,吹田特別(400万下),1400,芝,400万
1985/09/21,蓬彦峡特別(900万下),1800,ダ,900万
1985/09/21,夕月特別(900万下),2000,芝,900万
1985/09/21,4歳以上400万下,1600,芝,400万
1985/09/15,3歳未勝利,1000,芝,未勝利
1985/09/15,4歳未勝利,1700,芝,未勝利
1985/09/15,4歳未勝利,1200,芝,未勝利
1985/09/15,4歳以上400万下,1700,ダ,400万
1985/09/15,白老特別(900万下),1800,芝,900万
1985/09/15,4歳以上400万下,1700,ダ,400万
1985/09/15,横津岳特別(400万下),2000,芝,400万
1985/09/15,道新スポーツ杯(900万下),1200,芝,900万
1985/09/15,4歳以上400万下,1800,芝,400万
1985/09/15,4歳未勝利,1800,芝,未勝利
1985/09/15,3歳未勝利,1200,芝,未勝利
1985/09/15,3歳新馬,1600,芝,新馬
1985/09/15,3歳新馬,1200,芝,新馬
1985/09/15,4歳以上未勝利,2700,障,未勝利
1985/09/15,3歳新馬,1200,芝,新馬
1985/09/15,4歳未勝利,1200,ダ,未勝利
1985/09/15,4歳以上400万下,1800,ダ,400万
1985/09/15,茨城新聞杯(900万下),1800,芝,900万
1985/09/15,里見特別(400万下),1600,芝,400万
1985/09/15,クイーンS(OP),2000,芝,OP
1985/09/15,4歳以上400万下,1200,芝,400万
1985/09/15,3歳未勝利,1200,ダ,未勝利
1985/09/15,4歳未勝利,1700,ダ,未勝利
1985/09/15,3歳新馬,1200,芝,新馬
1985/09/15,3歳新馬,1200,芝,新馬
1985/09/15,4歳以上未勝利,3000,障,未勝利
1985/09/15,4歳未勝利,1600,芝,未勝利
1985/09/15,4歳以上400万下,1800,ダ,400万
1985/09/15,4歳以上400万下,2000,芝,400万
1985/09/15,箕面特別(400万下),1600,芝,400万
1985/09/15,西脇特別(900万下),1200,ダ,900万
1985/09/15,朝日チャレンジC(OP),2000,芝,OP
1985/09/15,4歳以上900万下,2000,芝,900万
1985/09/14,3歳未勝利,1200,芝,未勝利
1985/09/14,3歳新馬,1000,芝,新馬
1985/09/14,4歳未勝利,1700,ダ,未勝利
1985/09/14,4歳未勝利,1800,芝,未勝利
1985/09/14,4歳以上400万下,1800,芝,400万
1985/09/14,津軽海峡特別(900万下),2000,芝,900万
1985/09/14,洞爺湖特別(400万下),1200,芝,400万
1985/09/14,4歳以上400万下,1700,芝,400万
1985/09/14,3歳未勝利,1200,ダ,未勝利
1985/09/14,4歳未勝利,1700,ダ,未勝利
1985/09/14,3歳新馬,1200,芝,新馬
1985/09/14,4歳未勝利,1800,芝,未勝利
1985/09/14,4歳以上,3200,障,NoClass
1985/09/14,4歳未勝利,1800,芝,未勝利
1985/09/14,4歳以上400万下,2000,芝,400万
1985/09/14,4歳以上400万下,1800,ダ,400万
1985/09/14,浦安特別(900万下),2200,芝,900万
1985/09/14,カンナ賞(OP),1200,芝,OP
1985/09/14,印旛沼特別(400万下),1800,芝,400万
1985/09/14,4歳以上900万下,1800,ダ,900万
1985/09/14,3歳未勝利,1200,ダ,未勝利
1985/09/14,4歳未勝利,1800,ダ,未勝利
1985/09/14,3歳新馬,1400,芝,新馬
1985/09/14,4歳未勝利,1200,ダ,未勝利
1985/09/14,4歳以上,3200,障,NoClass
1985/09/14,4歳未勝利,1200,ダ,未勝利
1985/09/14,4歳未勝利,1600,芝,未勝利
1985/09/14,4歳以上400万下,1700,ダ,400万
1985/09/14,ききょう特別(OP),1200,芝,OP
1985/09/14,布引特別(400万下),2200,芝,400万
1985/09/14,仲秋特別(900万下),1600,芝,900万
1985/09/14,4歳以上400万下,1200,ダ,400万
1985/09/08,3歳未勝利,1000,芝,未勝利
1985/09/08,3歳新馬,1200,芝,新馬
1985/09/08,4歳未勝利,1200,芝,未勝利
1985/09/08,4歳以上400万下,1700,ダ,400万
1985/09/08,すずらん賞(OP),1000,芝,OP
1985/09/08,4歳以上400万下,1700,ダ,400万
1985/09/08,北海ハンデキャップ(900万下),2000,芝,900万
1985/09/08,UHB杯(OP),1800,芝,OP
1985/09/08,4歳以上400万下,1700,芝,400万
1985/09/08,3歳未勝利,1200,芝,未勝利
1985/09/08,3歳未勝利,1200,ダ,未勝利
1985/09/08,3歳新馬,1600,芝,新馬
1985/09/08,3歳新馬,1200,芝,新馬
1985/09/08,4歳未勝利,1200,ダ,未勝利
1985/09/08,4歳未勝利,1200,ダ,未勝利
1985/09/08,4歳未勝利,1800,ダ,未勝利
1985/09/08,富里特別(400万下),2200,芝,400万
1985/09/08,4歳以上400万下,1800,芝,400万
1985/09/08,江戸川特別(900万下),1800,ダ,900万
1985/09/08,京王杯オータムH(OP),1600,芝,OP
1985/09/08,4歳以上400万下,1200,ダ,400万
1985/09/08,3歳未勝利,1600,芝,未勝利
1985/09/08,4歳未勝利,1800,ダ,未勝利
1985/09/08,3歳新馬,1200,芝,新馬
1985/09/08,3歳新馬,1200,芝,新馬
1985/09/08,4歳以上未勝利,3000,障,未勝利
1985/09/08,4歳未勝利,1200,ダ,未勝利
1985/09/08,4歳以上400万下,1800,ダ,400万
1985/09/08,4歳以上400万下,1400,芝,400万
1985/09/08,能勢特別(400万下),1800,ダ,400万
1985/09/08,長月特別(900万下),2200,芝,900万
1985/09/08,サファイヤS(OP),1600,芝,OP
1985/09/08,4歳以上900万下,1600,芝,900万
1985/09/07,3歳未勝利,1200,芝,未勝利
1985/09/07,3歳新馬,1000,芝,新馬
1985/09/07,4歳未勝利,1000,ダ,未勝利
1985/09/07,4歳未勝利,1700,芝,未勝利
1985/09/07,4歳未勝利,1700,芝,未勝利
1985/09/07,4歳以上400万下,2000,芝,400万
1985/09/07,八雲特別(400万下),1800,芝,400万
1985/09/07,恵山特別(900万下),1700,芝,900万
1985/09/07,4歳以上400万下,1200,芝,400万
1985/09/07,4歳以上,1800,ダ,NoClass
1985/09/07,3歳新馬,1200,芝,新馬
1985/09/07,4歳未勝利,1800,ダ,未勝利
1985/09/07,3歳新馬,1200,芝,新馬
1985/09/07,4歳以上未勝利,2700,障,未勝利
1985/09/07,4歳未勝利,1800,芝,未勝利
1985/09/07,4歳未勝利,1800,芝,未勝利
1985/09/07,4歳以上400万下,2000,芝,400万
1985/09/07,鹿島灘特別(400万下),1800,ダ,400万
1985/09/07,習志野特別(900万下),2000,芝,900万
1985/09/07,ながつき賞(900万下),1200,芝,900万
1985/09/07,4歳以上400万下,1600,芝,400万
1985/09/07,4歳以上,1700,ダ,NoClass
1985/09/07,3歳新馬,1200,ダ,新馬
1985/09/07,3歳未勝利,1200,ダ,未勝利
1985/09/07,4歳未勝利,1600,芝,未勝利
1985/09/07,3歳新馬,1600,芝,新馬
1985/09/07,4歳未勝利,1800,ダ,未勝利
1985/09/07,4歳未勝利,1600,芝,未勝利
1985/09/07,4歳以上400万下,1800,ダ,400万
1985/09/07,豊中特別(400万下),2000,芝,400万
1985/09/07,新涼特別(900万下),1800,ダ,900万
1985/09/07,野分S(1400万下),1600,芝,1400万
1985/09/07,4歳以上400万下,1200,ダ,400万
1985/09/02,4歳未勝利,1800,芝,未勝利
1985/09/02,3歳新馬,1000,芝,新馬
1985/09/02,4歳未勝利,1700,芝,未勝利
1985/09/02,4歳以上400万下,1700,ダ,400万
1985/09/02,4歳以上400万下,1700,ダ,400万
1985/09/02,渡島特別(400万下),1800,芝,400万
1985/09/02,臥牛山特別(900万下),1200,芝,900万
1985/09/02,みなみ北海道ステーク(900万下),2500,芝,900万
1985/09/02,4歳以上400万下,1700,芝,400万
1985/09/02,3歳未勝利,1200,芝,未勝利
1985/09/02,3歳未勝利,1200,芝,未勝利
1985/09/02,3歳新馬,1000,芝,新馬
1985/09/02,4歳未勝利,1800,芝,未勝利
1985/09/02,4歳未勝利,1200,芝,未勝利
1985/09/02,4歳未勝利,1200,芝,未勝利
1985/09/02,4歳以上400万下,1700,芝,400万
1985/09/02,国東特別(400万下),2000,芝,400万
1985/09/02,耶馬渓特別(900万下),1200,芝,900万
1985/09/02,4歳以上400万下,1800,芝,400万
1985/09/01,4歳以上勝入400万円以下,2800,障,400万
1985/09/01,4歳未勝利,1800,芝,未勝利
1985/09/01,4歳未勝利,1600,芝,未勝利
1985/09/01,3歳新馬,1200,芝,新馬
1985/09/01,4歳未勝利,1200,芝,未勝利
1985/09/01,4歳以上400万下,1700,ダ,400万
1985/09/01,4歳以上400万下,1700,ダ,400万
1985/09/01,羽黒山特別(400万下),2000,芝,400万
1985/09/01,飯豊特別(900万下),1400,芝,900万
1985/09/01,新潟3歳S(OP),1200,芝,OP
1985/09/01,4歳以上400万下,1200,芝,400万
1985/09/01,4歳以上勝入400万円以下,2950,障,400万
1985/09/01,3歳未勝利,1000,芝,未勝利
1985/09/01,3歳新馬,1200,芝,新馬
1985/09/01,4歳未勝利,1800,芝,未勝利
1985/09/01,4歳未勝利,1700,芝,未勝利
1985/09/01,4歳以上400万下,2000,芝,400万
1985/09/01,4歳以上400万下,1200,芝,400万
1985/09/01,由布院特別(400万下),1800,芝,400万
1985/09/01,別府特別(900万下),2000,芝,900万
1985/09/01,小倉3歳S(OP),1200,芝,OP
1985/09/01,4歳以上400万下,2000,芝,400万
1985/08/31,3歳未勝利,1700,芝,未勝利
1985/08/31,3歳新馬,1200,芝,新馬
1985/08/31,4歳未勝利,1700,ダ,未勝利
1985/08/31,4歳未勝利,1200,芝,未勝利
1985/08/31,4歳以上400万下,1200,芝,400万
1985/08/31,4歳以上400万下,1800,芝,400万
1985/08/31,檜山特別(400万下),2000,芝,400万
1985/08/31,駒ケ岳特別(900万下),1800,芝,900万
1985/08/31,4歳以上400万下,1200,芝,400万
1985/08/31,3歳未勝利,1000,芝,未勝利
1985/08/31,3歳新馬,1200,芝,新馬
1985/08/31,3歳未勝利,1200,芝,未勝利
1985/08/31,4歳未勝利,1700,ダ,未勝利
1985/08/31,4歳未勝利,1400,芝,未勝利
1985/08/31,岩室特別(400万下),1800,芝,400万
1985/08/31,4歳以上400万下,2000,芝,400万
1985/08/31,日本海S(900万下),2200,芝,900万
1985/08/31,4歳以上400万下,1600,芝,400万
1985/08/25,3歳新馬,1000,芝,新馬
1985/08/25,3歳新馬,1200,芝,新馬
1985/08/25,4歳未勝利,1800,芝,未勝利
1985/08/25,4歳未勝利,1200,芝,未勝利
1985/08/25,4歳以上400万下,1800,芝,400万
1985/08/25,八甲田山特別(400万下),2000,芝,400万
1985/08/25,樽前山特別(900万下),1800,芝,900万
1985/08/25,青函S(OP),1200,芝,OP
1985/08/25,4歳以上400万下,1700,ダ,400万
1985/08/25,3歳未勝利,1100,芝,未勝利
1985/08/25,3歳未勝利,1200,芝,未勝利
1985/08/25,4歳未勝利,1800,芝,未勝利
1985/08/25,4歳未勝利,1600,芝,未勝利
1985/08/25,4歳未勝利,1400,芝,未勝利
1985/08/25,4歳以上400万下,1700,ダ,400万
1985/08/25,4歳以上400万下,1700,ダ,400万
1985/08/25,姫川特別(400万下),1800,芝,400万
1985/08/25,赤倉特別(900万下),1600,芝,900万
1985/08/25,新潟記念(OP),2000,芝,OP
1985/08/25,4歳以上400万下,1400,芝,400万
1985/08/25,3歳勝入,1200,芝,NoClass
1985/08/25,4歳未勝利,1800,芝,未勝利
1985/08/25,4歳未勝利,1700,芝,未勝利
1985/08/25,4歳未勝利,1700,芝,未勝利
1985/08/25,4歳未勝利,1200,芝,未勝利
1985/08/25,4歳以上400万下,2000,芝,400万
1985/08/25,4歳以上400万下,1700,芝,400万
1985/08/25,九州産3歳特別(OP),1200,芝,OP
1985/08/25,読売杯西海賞(900万下),1700,芝,900万
1985/08/25,小倉記念(OP),2000,芝,OP
1985/08/25,4歳以上400万下,1200,芝,400万
1985/08/24,3歳未勝利,1200,芝,未勝利
1985/08/24,4歳未勝利,1000,ダ,未勝利
1985/08/24,3歳新馬,1000,芝,新馬
1985/08/24,4歳未勝利,1700,芝,未勝利
1985/08/24,4歳未勝利,1700,芝,未勝利
1985/08/24,4歳以上400万下,2000,芝,400万
1985/08/24,4歳以上400万下,1700,芝,400万
1985/08/24,奥尻特別(400万下),1800,芝,400万
1985/08/24,HTB賞(900万下),2000,芝,900万
1985/08/24,4歳以上400万下,1200,芝,400万
1985/08/24,4歳未勝利,1000,ダ,未勝利
1985/08/24,3歳新馬,1200,芝,新馬
1985/08/24,4歳以上未勝利,2800,障,未勝利
1985/08/24,4歳未勝利,1000,ダ,未勝利
1985/08/24,4歳未勝利,1800,芝,未勝利
1985/08/24,4歳以上400万下,2000,芝,400万
1985/08/24,アラブ3歳S(OP),1400,芝,OP
1985/08/24,苗場特別(900万下),1800,芝,900万
1985/08/24,越後特別(400万下),1400,芝,400万
1985/08/24,4歳以上400万下,1600,芝,400万
1985/08/24,3歳未勝利,1000,芝,未勝利
1985/08/24,3歳未勝利,1000,芝,未勝利
1985/08/24,4歳以上未勝利,2950,障,未勝利
1985/08/24,4歳未勝利,1200,芝,未勝利
1985/08/24,4歳未勝利,1800,芝,未勝利
1985/08/24,4歳未勝利,1200,芝,未勝利
1985/08/24,4歳以上400万下,1800,芝,400万
1985/08/24,伊万里特別(400万下),1700,芝,400万
1985/08/24,天草特別(900万下),1800,芝,900万
1985/08/24,4歳以上400万下,1200,芝,400万
1985/08/18,3歳未勝利,1200,芝,未勝利
1985/08/18,4歳未勝利,1800,芝,未勝利
1985/08/18,4歳未勝利,1200,芝,未勝利
1985/08/18,4歳以上400万下,1700,ダ,400万
1985/08/18,4歳以上400万下,1200,芝,400万
1985/08/18,4歳以上400万下,1200,芝,400万
1985/08/18,クローバー賞(OP),1200,芝,OP
1985/08/18,4歳以上400万下,2000,芝,400万
1985/08/18,漁火特別(900万下),1700,芝,900万
1985/08/18,函館記念(OP),2000,芝,OP
1985/08/18,4歳以上900万下,1700,芝,900万
1985/08/18,3歳未勝利,1200,芝,未勝利
1985/08/18,3歳新馬,1200,芝,新馬
1985/08/18,4歳未勝利,1800,芝,未勝利
1985/08/18,4歳未勝利,1400,芝,未勝利
1985/08/18,4歳以上400万下,2200,芝,400万
1985/08/18,新潟障害S(OP),2800,障,OP
1985/08/18,豊栄特別(400万下),1600,芝,400万
1985/08/18,新潟日報賞(900万下),1200,芝,900万
1985/08/18,4歳以上400万下,1700,ダ,400万
1985/08/18,4歳以上,1800,芝,NoClass
1985/08/18,4歳未勝利,1800,芝,未勝利
1985/08/18,4歳未勝利,1700,芝,未勝利
1985/08/18,3歳新馬,1200,芝,新馬
1985/08/18,4歳未勝利,1700,芝,未勝利
1985/08/18,4歳未勝利,1200,芝,未勝利
1985/08/18,4歳以上400万下,1200,芝,400万
1985/08/18,都井岬特別(400万下),1800,芝,400万
1985/08/18,霧島賞(900万下),1700,芝,900万
1985/08/18,北九州短距離ステーク(OP),1200,芝,OP
1985/08/18,4歳以上400万下,2000,芝,400万
1985/08/17,3歳未勝利,1000,芝,未勝利
1985/08/17,4歳未勝利,1700,ダ,未勝利
1985/08/17,3歳新馬,1200,芝,新馬
1985/08/17,4歳未勝利,1700,芝,未勝利
1985/08/17,4歳未勝利,1200,芝,未勝利
1985/08/17,4歳以上400万下,2000,芝,400万
1985/08/17,北洋特別(400万下),1700,芝,400万
1985/08/17,登別特別(900万下),1800,芝,900万
1985/08/17,4歳以上400万下,1800,芝,400万
1985/08/17,4歳以上,1800,芝,NoClass
1985/08/17,3歳未勝利,1200,芝,未勝利
1985/08/17,3歳新馬,1000,芝,新馬
1985/08/17,4歳未勝利,1700,ダ,未勝利
1985/08/17,4歳未勝利,1200,芝,未勝利
1985/08/17,4歳未勝利,1600,芝,未勝利
1985/08/17,4歳未勝利,1700,ダ,未勝利
1985/08/17,湯沢特別(400万下),1200,芝,400万
1985/08/17,佐渡S(900万下),2000,芝,900万
1985/08/17,4歳以上400万下,1800,芝,400万
1985/08/17,4歳以上,2950,障,NoClass
1985/08/17,3歳未勝利,1200,芝,未勝利
1985/08/17,3歳未勝利,1000,芝,未勝利
1985/08/17,4歳未勝利,1700,芝,未勝利
1985/08/17,4歳未勝利,1200,芝,未勝利
1985/08/17,4歳以上400万下,1800,芝,400万
1985/08/17,4歳以上400万下,1800,芝,400万
1985/08/17,指宿特別(400万下),1700,芝,400万
1985/08/17,桜島特別(900万下),2000,芝,900万
1985/08/17,4歳以上400万下,1200,芝,400万
1985/08/11,3歳新馬,1000,芝,新馬
1985/08/11,4歳未勝利,1800,芝,未勝利
1985/08/11,4歳未勝利,1700,芝,未勝利
1985/08/11,3歳新馬,1200,芝,新馬
1985/08/11,立待岬特別(400万下),1800,芝,400万
1985/08/11,4歳以上400万下,1700,ダ,400万
1985/08/11,駒場特別(900万下),1700,芝,900万
1985/08/11,日刊スポーツ賞七重浜(900万下),1200,芝,900万
1985/08/11,4歳以上400万下,2000,芝,400万
1985/08/11,3歳未勝利,1100,芝,未勝利
1985/08/11,3歳新馬,1000,芝,新馬
1985/08/11,3歳新馬,1200,芝,新馬
1985/08/11,4歳未勝利,1000,ダ,未勝利
1985/08/11,4歳未勝利,1800,芝,未勝利
1985/08/11,4歳未勝利,1600,芝,未勝利
1985/08/11,4歳以上400万下,2000,芝,400万
1985/08/11,4歳以上400万下,1200,芝,400万
1985/08/11,春日山特別(400万下),1800,芝,400万
1985/08/11,信濃川特別(900万下),1600,芝,900万
1985/08/11,4歳以上400万下,1200,芝,400万
1985/08/11,3歳未勝利,1000,芝,未勝利
1985/08/11,3歳新馬,1200,芝,新馬
1985/08/11,4歳未勝利,1800,芝,未勝利
1985/08/11,4歳以上未勝利,2950,障,未勝利
1985/08/11,4歳未勝利,1800,芝,未勝利
1985/08/11,4歳未勝利,1700,芝,未勝利
1985/08/11,4歳未勝利,1800,芝,未勝利
1985/08/11,フェニックス賞(OP),1200,芝,OP
1985/08/11,若戸特別(400万下),1700,芝,400万
1985/08/11,毎日杯玄海特別(900万下),1800,芝,900万
1985/08/11,4歳以上400万下,2000,芝,400万
1985/08/10,3歳未勝利,1200,芝,未勝利
1985/08/10,4歳未勝利,1800,芝,未勝利
1985/08/10,3歳新馬,1000,芝,新馬
1985/08/10,4歳未勝利,1000,ダ,未勝利
1985/08/10,4歳未勝利,1200,芝,未勝利
1985/08/10,4歳以上400万下,1700,芝,400万
1985/08/10,噴火湾特別(400万下),1200,芝,400万
1985/08/10,五稜郭特別(900万下),2000,芝,900万
1985/08/10,4歳以上400万下,1800,芝,400万
1985/08/10,4歳未勝利,1800,芝,未勝利
1985/08/10,3歳新馬,1000,芝,新馬
1985/08/10,4歳以上未勝利,2800,障,未勝利
1985/08/10,4歳未勝利,1600,芝,未勝利
1985/08/10,4歳未勝利,1200,芝,未勝利
1985/08/10,4歳以上400万下,1600,芝,400万
1985/08/10,4歳以上400万下,1700,ダ,400万
1985/08/10,万代特別(400万下),1600,芝,400万
1985/08/10,月岡特別(900万下),1800,芝,900万
1985/08/10,4歳以上400万下,1700,ダ,400万
1985/08/10,3歳未勝利,1000,芝,未勝利
1985/08/10,3歳未勝利,1200,芝,未勝利
1985/08/10,3歳新馬,1000,芝,新馬
1985/08/10,4歳未勝利,1700,芝,未勝利
1985/08/10,4歳未勝利,1200,芝,未勝利
1985/08/10,4歳以上400万下,1800,芝,400万
1985/08/10,4歳以上400万下,1700,芝,400万
1985/08/10,阿蘇特別(900万下),1700,芝,900万
1985/08/10,九重特別(400万下),1200,芝,400万
1985/08/10,4歳以上400万下,1800,芝,400万
1985/08/04,3歳新馬,1200,芝,新馬
1985/08/04,3歳新馬,1000,芝,新馬
1985/08/04,4歳未勝利,1700,芝,未勝利
1985/08/04,4歳未勝利,1200,芝,未勝利
1985/08/04,4歳以上400万下,1700,ダ,400万
1985/08/04,4歳以上400万下,1700,ダ,400万
1985/08/04,4歳以上400万下,1800,芝,400万
1985/08/04,松前特別(900万下),2500,芝,900万
1985/08/04,江差特別(400万下),1800,芝,400万
1985/08/04,巴賞(OP),1800,芝,OP
1985/08/04,4歳以上900万下,2000,芝,900万
1985/08/04,3歳未勝利,1200,芝,未勝利
1985/08/04,4歳未勝利,1800,芝,未勝利
1985/08/04,3歳新馬,1200,芝,新馬
1985/08/04,3歳新馬,1000,芝,新馬
1985/08/04,4歳未勝利,1600,芝,未勝利
1985/08/04,4歳未勝利,1200,芝,未勝利
1985/08/04,4歳以上400万下,1700,ダ,400万
1985/08/04,4歳以上400万下,1700,ダ,400万
1985/08/04,葉月賞(400万下),1800,芝,400万
1985/08/04,朱鷺S(900万下),2000,芝,900万
1985/08/04,関屋記念(OP),1600,芝,OP
1985/08/04,4歳以上400万下,2000,芝,400万
1985/08/04,3歳未勝利,1200,芝,未勝利
1985/08/04,3歳新馬,1200,芝,新馬
1985/08/04,3歳新馬,1000,芝,新馬
1985/08/04,4歳未勝利,1800,芝,未勝利
1985/08/04,4歳未勝利,1700,芝,未勝利
1985/08/04,4歳以上400万下,2000,芝,400万
1985/08/04,博多特別(400万下),1800,芝,400万
1985/08/04,サマーハンデキャップ(900万下),2000,芝,900万
1985/08/04,テレビ西日本賞北九州(OP),1800,芝,OP
1985/08/04,4歳以上400万下,1200,芝,400万
1985/08/03,3歳未勝利,1000,芝,未勝利
1985/08/03,3歳新馬,1200,芝,新馬
1985/08/03,3歳新馬,1000,芝,新馬
1985/08/03,4歳未勝利,1700,ダ,未勝利
1985/08/03,4歳未勝利,1800,芝,未勝利
1985/08/03,4歳以上400万下,1200,芝,400万
1985/08/03,4歳以上400万下,2000,芝,400万
1985/08/03,湯川特別(400万下),2000,芝,400万
1985/08/03,長万部特別(900万下),1800,芝,900万
1985/08/03,4歳以上400万下,1200,芝,400万
1985/08/03,4歳以上勝入400万円以下,2800,障,400万
1985/08/03,3歳勝入300万円以下,1200,芝,300万
1985/08/03,4歳以上,1400,芝,NoClass
1985/08/03,3歳新馬,1200,芝,新馬
1985/08/03,4歳未勝利,1000,ダ,未勝利
1985/08/03,4歳未勝利,1000,ダ,未勝利
1985/08/03,4歳未勝利,1600,芝,未勝利
1985/08/03,4歳以上400万下,1600,芝,400万
1985/08/03,三面川特別(400万下),2200,芝,400万
1985/08/03,加治川特別(900万下),1400,芝,900万
1985/08/03,4歳以上400万下,1800,芝,400万
1985/08/03,4歳以上勝入400万円以下,2950,障,400万
1985/08/03,3歳新馬,1000,芝,新馬
1985/08/03,4歳未勝利,1800,芝,未勝利
1985/08/03,4歳未勝利,1200,芝,未勝利
1985/08/03,4歳未勝利,1700,芝,未勝利
1985/08/03,4歳未勝利,1200,芝,未勝利
1985/08/03,アラブ3歳特別(300万下),1200,芝,300万
1985/08/03,4歳以上400万下,1800,芝,400万
1985/08/03,日南特別(400万下),2000,芝,400万
1985/08/03,フクニチ新聞杯(900万下),1200,芝,900万
1985/08/03,4歳以上400万下,1700,芝,400万
1985/07/28,3歳新馬,1000,ダ,新馬
1985/07/28,4歳未勝利,1800,ダ,未勝利
1985/07/28,3歳新馬,1200,ダ,新馬
1985/07/28,4歳未勝利,1500,ダ,未勝利
1985/07/28,4歳未勝利,1500,ダ,未勝利
1985/07/28,4歳以上400万下,1200,ダ,400万
1985/07/28,4歳以上400万下,1500,ダ,400万
1985/07/28,釧路特別(400万下),1800,ダ,400万
1985/07/28,オホーツクハンデキャ(900万下),2000,ダ,900万
1985/07/28,札幌3歳S(OP),1200,ダ,OP
1985/07/28,4歳以上900万下,1800,ダ,900万
1985/07/28,3歳新馬,1000,芝,新馬
1985/07/28,3歳未勝利,1100,芝,未勝利
1985/07/28,4歳未勝利,1800,芝,未勝利
1985/07/28,4歳未勝利,1600,芝,未勝利
1985/07/28,4歳以上400万下,1700,ダ,400万
1985/07/28,4歳未勝利,1200,芝,未勝利
1985/07/28,4歳以上400万下,1700,ダ,400万
1985/07/28,瓢湖特別(400万下),2000,芝,400万
1985/07/28,鳥海山特別(400万下),1400,芝,400万
1985/07/28,新潟競馬場開設20周(900万下),1600,芝,900万
1985/07/28,4歳以上400万下,1800,芝,400万
1985/07/28,4歳以上,2000,芝,NoClass
1985/07/28,3歳新馬,1000,芝,新馬
1985/07/28,3歳新馬,1200,芝,新馬
1985/07/28,3歳新馬,1200,芝,新馬
1985/07/28,4歳未勝利,1700,芝,未勝利
1985/07/28,4歳未勝利,1800,芝,未勝利
1985/07/28,4歳未勝利,1700,芝,未勝利
1985/07/28,4歳以上400万下,2000,芝,400万
1985/07/28,洞海特別(400万下),1200,芝,400万
1985/07/28,九州スポーツ新聞杯(900万下),1700,芝,900万
1985/07/28,4歳以上400万下,1800,芝,400万
1985/07/27,3歳未勝利,1200,ダ,未勝利
1985/07/27,3歳新馬,1000,ダ,新馬
1985/07/27,3歳新馬,1200,ダ,新馬
1985/07/27,4歳未勝利,1800,ダ,未勝利
1985/07/27,4歳以上400万下,1500,ダ,400万
1985/07/27,4歳以上400万下,2000,ダ,400万
1985/07/27,4歳以上400万下,1800,ダ,400万
1985/07/27,層雲峡特別(900万下),1500,ダ,900万
1985/07/27,日刊スポーツ杯短距離(OP),1200,ダ,OP
1985/07/27,4歳以上400万下,1500,ダ,400万
1985/07/27,4歳以上未勝利,2800,障,未勝利
1985/07/27,4歳未勝利,1800,芝,未勝利
1985/07/27,4歳未勝利,1700,ダ,未勝利
1985/07/27,4歳未勝利,1700,ダ,未勝利
1985/07/27,4歳未勝利,1400,芝,未勝利
1985/07/27,4歳以上400万下,1800,芝,400万
1985/07/27,4歳以上400万下,1200,芝,400万
1985/07/27,米山特別(400万下),1600,芝,400万
1985/07/27,天の川S(900万下),2200,芝,900万
1985/07/27,4歳以上400万下,1600,芝,400万
1985/07/27,4歳以上未勝利,2950,障,未勝利
1985/07/27,3歳未勝利,1000,芝,未勝利
1985/07/27,3歳新馬,1000,芝,新馬
1985/07/27,4歳未勝利,1800,芝,未勝利
1985/07/27,4歳未勝利,1700,芝,未勝利
1985/07/27,4歳未勝利,1200,芝,未勝利
1985/07/27,4歳以上400万下,2000,芝,400万
1985/07/27,4歳以上400万下,1200,芝,400万
1985/07/27,高千穂特別(900万下),1800,芝,900万
1985/07/27,日向特別(400万下),1700,芝,400万
1985/07/27,4歳以上400万下,1200,芝,400万
1985/07/21,4歳未勝利,1500,ダ,未勝利
1985/07/21,4歳未勝利,1200,ダ,未勝利
1985/07/21,3歳新馬,1000,ダ,新馬
1985/07/21,4歳以上400万下,1800,ダ,400万
1985/07/21,まりも特別(400万下),1500,ダ,400万
1985/07/21,4歳以上400万下,1200,ダ,400万
1985/07/21,摩周湖特別(900万下),1500,ダ,900万
1985/07/21,タイムス杯(OP),1800,ダ,OP
1985/07/21,4歳以上900万下,1200,ダ,900万
1985/07/21,4歳以上,2800,障,NoClass
1985/07/21,3歳未勝利,1200,芝,未勝利
1985/07/21,4歳未勝利,1000,ダ,未勝利
1985/07/21,4歳未勝利,1600,芝,未勝利
1985/07/21,4歳未勝利,1000,ダ,未勝利
1985/07/21,3歳新馬,1000,芝,新馬
1985/07/21,4歳未勝利,1800,芝,未勝利
1985/07/21,4歳以上400万下,2000,芝,400万
1985/07/21,越路特別(400万下),1800,芝,400万
1985/07/21,五頭連峰特別(900万下),1200,芝,900万
1985/07/21,セイユウ記念(OP),1600,芝,OP
1985/07/21,4歳以上400万下,1600,芝,400万
1985/07/21,4歳未勝利,1800,芝,未勝利
1985/07/21,3歳新馬,1200,芝,新馬
1985/07/21,3歳新馬,1000,芝,新馬
1985/07/21,4歳未勝利,1700,芝,未勝利
1985/07/21,4歳未勝利,1200,芝,未勝利
1985/07/21,4歳以上400万下,1700,芝,400万
1985/07/21,4歳以上400万下,1700,芝,400万
1985/07/21,小倉障害S(OP),2950,障,OP
1985/07/21,足立山特別(400万下),1800,芝,400万
1985/07/21,スポニチ西部本社賞雲(900万下),1200,芝,900万
1985/07/21,4歳以上400万下,2000,芝,400万
1985/07/20,3歳未勝利,1000,ダ,未勝利
1985/07/20,4歳未勝利,1800,ダ,未勝利
1985/07/20,3歳新馬,1000,ダ,新馬
1985/07/20,4歳未勝利,1500,ダ,未勝利
1985/07/20,4歳未勝利,1200,ダ,未勝利
1985/07/20,4歳以上400万下,2000,ダ,400万
1985/07/20,美幌特別(400万下),1200,ダ,400万
1985/07/20,日高特別(900万下),1800,ダ,900万
1985/07/20,4歳以上400万下,1500,ダ,400万
1985/07/20,3歳未勝利,1100,芝,未勝利
1985/07/20,3歳新馬,1200,芝,新馬
1985/07/20,3歳新馬,1000,芝,新馬
1985/07/20,4歳未勝利,1400,芝,未勝利
1985/07/20,4歳未勝利,1600,芝,未勝利
1985/07/20,4歳以上400万下,1700,ダ,400万
1985/07/20,4歳以上400万下,2200,芝,400万
1985/07/20,妙高特別(400万下),1600,芝,400万
1985/07/20,NST賞(900万下),1800,芝,900万
1985/07/20,4歳以上400万下,1700,ダ,400万
1985/07/20,3歳未勝利,1200,芝,未勝利
1985/07/20,3歳新馬,1000,芝,新馬
1985/07/20,4歳未勝利,1200,芝,未勝利
1985/07/20,4歳以上未勝利,2950,芝,未勝利
1985/07/20,4歳未勝利,1800,芝,未勝利
1985/07/20,4歳未勝利,1700,芝,未勝利
1985/07/20,4歳未勝利,1200,芝,未勝利
1985/07/20,4歳以上400万下,2000,芝,400万
1985/07/20,有明特別(900万下),2000,芝,900万
1985/07/20,筑紫特別(400万下),1200,芝,400万
1985/07/20,4歳以上400万下,1800,芝,400万
1985/07/14,3歳新馬,1000,ダ,新馬
1985/07/14,4歳未勝利,1800,ダ,未勝利
1985/07/14,3歳新馬,1200,ダ,新馬
1985/07/14,4歳未勝利,1200,ダ,未勝利
1985/07/14,4歳未勝利,1200,ダ,未勝利
1985/07/14,4歳以上400万下,1800,ダ,400万
1985/07/14,石狩特別(400万下),1500,ダ,400万
1985/07/14,報知杯大雪ハンデキャ(900万下),1800,ダ,900万
1985/07/14,阿寒湖特別(900万下),1500,ダ,900万
1985/07/14,4歳以上400万下,1200,ダ,400万
1985/07/14,3歳新馬,1000,芝,新馬
1985/07/14,4歳未勝利,1600,芝,未勝利
1985/07/14,4歳未勝利,1800,芝,未勝利
1985/07/14,3歳新馬,1200,芝,新馬
1985/07/14,4歳未勝利,1200,芝,未勝利
1985/07/14,4歳以上400万下,1700,ダ,400万
1985/07/14,4歳以上400万下,1800,芝,400万
1985/07/14,4歳以上400万下,1700,ダ,400万
1985/07/14,相川特別(400万下),1600,芝,400万
1985/07/14,阿賀野川特別(900万下),2000,芝,900万
1985/07/14,BSN杯(OP),1200,芝,OP
1985/07/14,4歳以上400万下,1400,芝,400万
1985/07/14,3歳未勝利,1000,芝,未勝利
1985/07/14,4歳未勝利,1800,芝,未勝利
1985/07/14,3歳新馬,1000,芝,新馬
1985/07/14,3歳新馬,1000,芝,新馬
1985/07/14,4歳未勝利,1200,芝,未勝利
1985/07/14,4歳未勝利,1700,芝,未勝利
1985/07/14,4歳以上400万下,1200,芝,400万
1985/07/14,アラブS(OP),1700,芝,OP
1985/07/14,4歳以上400万下,1200,芝,400万
1985/07/14,不知火特別(400万下),1800,芝,400万
1985/07/14,小倉日経賞(OP),1200,芝,OP
1985/07/14,4歳以上400万下,1700,芝,400万
1985/07/13,3歳未勝利,1200,ダ,未勝利
1985/07/13,4歳未勝利,1800,ダ,未勝利
1985/07/13,3歳新馬,1000,ダ,新馬
1985/07/13,4歳未勝利,1500,ダ,未勝利
1985/07/13,4歳以上400万下,1500,ダ,400万
1985/07/13,4歳以上400万下,2000,ダ,400万
1985/07/13,知床特別(400万下),1800,ダ,400万
1985/07/13,4歳以上400万下,1500,ダ,400万
1985/07/13,STV賞(900万下),1200,ダ,900万
1985/07/13,4歳以上900万下,1800,ダ,900万
1985/07/13,4歳以上未勝利,2800,障,未勝利
1985/07/13,3歳新馬,1000,芝,新馬
1985/07/13,3歳未勝利,1100,芝,未勝利
1985/07/13,4歳未勝利,1700,ダ,未勝利
1985/07/13,4歳未勝利,1700,ダ,未勝利
1985/07/13,4歳未勝利,1800,芝,未勝利
1985/07/13,4歳未勝利,1400,芝,未勝利
1985/07/13,4歳以上400万下,2000,芝,400万
1985/07/13,おけさ特別(400万下),1200,芝,400万
1985/07/13,弥彦特別(900万下),1600,芝,900万
1985/07/13,4歳以上400万下,1600,芝,400万
1985/07/13,3歳新馬,1200,芝,新馬
1985/07/13,3歳新馬,1000,芝,新馬
1985/07/13,3歳新馬,1000,芝,新馬
1985/07/13,4歳以上未勝利,2950,障,未勝利
1985/07/13,4歳未勝利,1800,芝,未勝利
1985/07/13,4歳未勝利,1700,芝,未勝利
1985/07/13,4歳未勝利,1800,芝,未勝利
1985/07/13,4歳以上400万下,1800,芝,400万
1985/07/13,英彦山特別(400万下),2000,芝,400万
1985/07/13,西日本新聞杯(900万下),1800,芝,900万
1985/07/13,4歳以上400万下,1700,芝,400万
1985/07/07,4歳未勝利,1800,ダ,未勝利
1985/07/07,4歳未勝利,1200,ダ,未勝利
1985/07/07,4歳未勝利,1200,ダ,未勝利
1985/07/07,3歳新馬,1200,ダ,新馬
1985/07/07,3歳新馬,1000,ダ,新馬
1985/07/07,4歳以上900万下,1500,ダ,900万
1985/07/07,4歳以上400万下,1200,ダ,400万
1985/07/07,アカシヤS(900万下),2000,ダ,900万
1985/07/07,利尻特別(400万下),1500,ダ,400万
1985/07/07,道新杯(OP),1500,ダ,OP
1985/07/07,4歳以上400万下,1800,ダ,400万
1985/07/07,4歳未勝利,1800,芝,未勝利
1985/07/07,4歳以上,1700,芝,NoClass
1985/07/07,4歳未勝利,1700,芝,未勝利
1985/07/07,4歳以上未勝利,2800,障,未勝利
1985/07/07,4歳未勝利,1700,ダ,未勝利
1985/07/07,4歳未勝利,1000,芝,未勝利
1985/07/07,4歳400万下,2000,芝,400万
1985/07/07,ほおずき賞(400万下),1800,芝,400万
1985/07/07,サマーS(900万下),2400,芝,900万
1985/07/07,七夕賞(OP),2000,芝,OP
1985/07/07,5歳以上400万下,1800,芝,400万
1985/07/07,4歳以上未勝利,2800,障,未勝利
1985/07/07,3歳未勝利,1000,ダ,未勝利
1985/07/07,4歳未勝利,1600,ダ,未勝利
1985/07/07,4歳未勝利,1800,芝,未勝利
1985/07/07,4歳未勝利,1600,ダ,未勝利
1985/07/07,4歳未勝利,2000,芝,未勝利
1985/07/07,5歳以上400万下,1800,芝,400万
1985/07/07,飛彦特別(900万下),1200,芝,900万
1985/07/07,4歳400万下,1800,芝,400万
1985/07/07,ひめゆり賞(900万下),2000,芝,900万
1985/07/07,東海テレビ杯金鯱賞(OP),1800,芝,OP
1985/07/07,5歳以上900万下,1700,ダ,900万
1985/07/06,4歳未勝利,1800,ダ,未勝利
1985/07/06,3歳新馬,1200,ダ,新馬
1985/07/06,3歳新馬,1000,ダ,新馬
1985/07/06,4歳未勝利,1500,ダ,未勝利
1985/07/06,4歳以上400万下,1800,ダ,400万
1985/07/06,4歳以上400万下,1500,ダ,400万
1985/07/06,4歳以上400万下,1800,ダ,400万
1985/07/06,礼文特別(400万下),2000,ダ,400万
1985/07/06,HTB杯(900万下),1800,ダ,900万
1985/07/06,4歳以上400万下,1500,ダ,400万
1985/07/06,4歳以上勝入400万円以下,2800,障,400万
1985/07/06,3歳未勝利,1000,芝,未勝利
1985/07/06,4歳未勝利,2000,芝,未勝利
1985/07/06,4歳未勝利,1800,芝,未勝利
1985/07/06,4歳未勝利,1700,芝,未勝利
1985/07/06,5歳以上400万下,1700,ダ,400万
1985/07/06,5歳以上400万下,1700,ダ,400万
1985/07/06,4歳400万下,1800,芝,400万
1985/07/06,あさがお賞(400万下),1700,芝,400万
1985/07/06,マーガレット賞(900万下),2000,芝,900万
1985/07/06,ルビーS(900万下),1800,芝,900万
1985/07/06,5歳以上400万下,1000,芝,400万
1985/07/06,4歳以上勝入400万円以下,2800,障,400万
1985/07/06,3歳未勝利,1000,ダ,未勝利
1985/07/06,4歳未勝利,1200,芝,未勝利
1985/07/06,4歳未勝利,1700,ダ,未勝利
1985/07/06,4歳未勝利,1200,芝,未勝利
1985/07/06,4歳未勝利,1800,芝,未勝利
1985/07/06,4歳400万下,1200,芝,400万
1985/07/06,5歳以上400万下,2000,芝,400万
1985/07/06,すいれん賞(400万下),1800,芝,400万
1985/07/06,穂高特別(900万下),1800,芝,900万
1985/07/06,ジュライS(1400万下),2500,芝,1400万
1985/07/06,5歳以上400万下,1700,ダ,400万
1985/06/30,3歳新馬,1000,ダ,新馬
1985/06/30,3歳新馬,1200,ダ,新馬
1985/06/30,4歳未勝利,1500,ダ,未勝利
1985/06/30,4歳以上400万下,1500,ダ,400万
1985/06/30,4歳未勝利,1200,ダ,未勝利
1985/06/30,4歳以上400万下,1500,ダ,400万
1985/06/30,手稲山特別(400万下),1800,ダ,400万
1985/06/30,大倉山特別(900万下),1800,ダ,900万
1985/06/30,札幌記念(OP),2000,ダ,OP
1985/06/30,4歳以上400万下,1800,ダ,400万
1985/06/30,3歳未勝利,1000,芝,未勝利
1985/06/30,4歳未勝利,1700,ダ,未勝利
1985/06/30,4歳未勝利,2000,芝,未勝利
1985/06/30,4歳未勝利,1800,芝,未勝利
1985/06/30,4歳未勝利,1700,ダ,未勝利
1985/06/30,4歳未勝利,1000,芝,未勝利
1985/06/30,4歳400万下,1800,芝,400万
1985/06/30,さくらんぼ賞(400万下),1700,芝,400万
1985/06/30,猪苗代特別(900万下),2000,芝,900万
1985/06/30,福島テレビ杯(1400万下),1800,芝,1400万
1985/06/30,5歳以上400万下,1800,芝,400万
1985/06/30,3歳未勝利,1000,ダ,未勝利
1985/06/30,4歳未勝利,1800,芝,未勝利
1985/06/30,4歳未勝利,1700,ダ,未勝利
1985/06/30,4歳未勝利,1700,ダ,未勝利
1985/06/30,4歳未勝利,2000,芝,未勝利
1985/06/30,4歳400万下,1700,ダ,400万
1985/06/30,4歳400万下,1200,芝,400万
1985/06/30,浜名湖特別(900万下),2000,芝,900万
1985/06/30,5歳以上400万下,2000,芝,400万
1985/06/30,桶狭間特別(1400万下),1200,芝,1400万
1985/06/30,中日スポーツ杯4歳ス(OP),1800,芝,OP
1985/06/30,5歳以上900万下,1200,芝,900万
1985/06/29,4歳未勝利,1800,ダ,未勝利
1985/06/29,3歳新馬,1000,ダ,新馬
1985/06/29,4歳以上400万下,1500,ダ,400万
1985/06/29,4歳未勝利,1500,ダ,未勝利
1985/06/29,4歳以上400万下,1200,ダ,400万
1985/06/29,4歳以上400万下,1200,ダ,400万
1985/06/29,積丹特別(400万下),2000,ダ,400万
1985/06/29,HBC杯(900万下),1200,ダ,900万
1985/06/29,4歳以上900万下,1500,ダ,900万
1985/06/29,3歳未勝利,1000,芝,未勝利
1985/06/29,5歳以上400万下,1700,芝,400万
1985/06/29,5歳以上400万下,2000,芝,400万
1985/06/29,4歳未勝利,1000,ダ,未勝利
1985/06/29,4歳未勝利,1800,芝,未勝利
1985/06/29,4歳未勝利,1000,ダ,未勝利
1985/06/29,4歳未勝利,1800,芝,未勝利
1985/06/29,アマリリス賞(400万下),2000,芝,400万
1985/06/29,白百合賞(900万下),1000,芝,900万
1985/06/29,鶴ヶ城特別(900万下),1800,芝,900万
1985/06/29,4歳400万下,1700,ダ,400万
1985/06/29,4歳以上勝入,1700,ダ,NoClass
1985/06/29,4歳未勝利,1700,ダ,未勝利
1985/06/29,4歳未勝利,1700,ダ,未勝利
1985/06/29,4歳未勝利,1700,ダ,未勝利
1985/06/29,4歳以上未勝利,2800,障,未勝利
1985/06/29,4歳未勝利,1700,ダ,未勝利
1985/06/29,4歳400万下,1700,ダ,400万
1985/06/29,5歳以上400万下,1000,ダ,400万
1985/06/29,なでしこ賞(400万下),2000,芝,400万
1985/06/29,木曽川特別(900万下),2500,芝,900万
1985/06/29,パールS(1400万下),1800,芝,1400万
1985/06/29,5歳以上400万下,1600,ダ,400万
1985/06/23,4歳未勝利,1800,ダ,未勝利
1985/06/23,4歳未勝利,1500,ダ,未勝利
1985/06/23,4歳未勝利,1200,ダ,未勝利
1985/06/23,4歳以上400万下,2000,ダ,400万
1985/06/23,4歳以上400万下,1200,ダ,400万
1985/06/23,支笏湖特別(900万下),1800,ダ,900万
1985/06/23,藻岩山特別(400万下),1800,ダ,400万
1985/06/23,道新スポーツ賞(900万下),1500,ダ,900万
1985/06/23,4歳以上400万下,1200,ダ,400万
1985/06/23,3歳未勝利,1000,芝,未勝利
1985/06/23,4歳未勝利,1700,ダ,未勝利
1985/06/23,4歳未勝利,1700,ダ,未勝利
1985/06/23,4歳未勝利,1700,芝,未勝利
1985/06/23,4歳以上未勝利,2800,障,未勝利
1985/06/23,4歳未勝利,1800,芝,未勝利
1985/06/23,4歳400万下,1800,芝,400万
1985/06/23,5歳以上400万下,1800,芝,400万
1985/06/23,あやめ賞(400万下),1000,芝,400万
1985/06/23,松島特別(900万下),1700,芝,900万
1985/06/23,ラジオたんぱ賞(OP),1800,芝,OP
1985/06/23,5歳以上400万下,1000,芝,400万
1985/06/23,3歳未勝利,1000,ダ,未勝利
1985/06/23,4歳未勝利,1700,ダ,未勝利
1985/06/23,4歳未勝利,1700,ダ,未勝利
1985/06/23,4歳未勝利,1000,ダ,未勝利
1985/06/23,4歳未勝利,1000,ダ,未勝利
1985/06/23,4歳400万下,1700,ダ,400万
1985/06/23,4歳400万下,1600,ダ,400万
1985/06/23,5歳以上400万下,1700,ダ,400万
1985/06/23,はなのき賞(900万下),1200,芝,900万
1985/06/23,御嶽特別(900万下),2000,芝,900万
1985/06/23,高松宮杯(OP),2000,芝,OP
1985/06/23,5歳以上400万下,1600,ダ,400万
1985/06/22,3歳新馬,1000,ダ,新馬
1985/06/22,4歳未勝利,1800,ダ,未勝利
1985/06/22,4歳未勝利,1500,ダ,未勝利
1985/06/22,4歳未勝利,1200,ダ,未勝利
1985/06/22,4歳以上400万下,1500,ダ,400万
1985/06/22,4歳以上400万下,1800,ダ,400万
1985/06/22,おおぞら特別(400万下),1500,ダ,400万
1985/06/22,エルムS(900万下),2000,ダ,900万
1985/06/22,4歳以上400万下,1500,ダ,400万
1985/06/22,4歳未勝利,1000,芝,未勝利
1985/06/22,4歳未勝利,1000,芝,未勝利
1985/06/22,4歳未勝利,2000,芝,未勝利
1985/06/22,4歳以上,2800,障,NoClass
1985/06/22,4歳未勝利,1800,芝,未勝利
1985/06/22,4歳未勝利,1800,芝,未勝利
1985/06/22,4歳400万下,1700,芝,400万
1985/06/22,三春特別(OP),1800,芝,OP
1985/06/22,伏拝特別(900万下),1800,芝,900万
1985/06/22,阿武隈特別(1400万下),1700,芝,1400万
1985/06/22,5歳以上400万下,1700,ダ,400万
1985/06/22,4歳以上,2800,障,NoClass
1985/06/22,4歳以上600万下,1700,ダ,600万
1985/06/22,4歳未勝利,1600,ダ,未勝利
1985/06/22,4歳未勝利,1600,ダ,未勝利
1985/06/22,4歳未勝利,2000,芝,未勝利
1985/06/22,4歳未勝利,1800,芝,未勝利
1985/06/22,4歳400万下,2000,芝,400万
1985/06/22,5歳以上400万下,1800,芝,400万
1985/06/22,あざみ賞(400万下),1800,芝,400万
1985/06/22,三河特別(900万下),1700,ダ,900万
1985/06/22,テレビ愛知賞(1400万下),2000,芝,1400万
1985/06/22,5歳以上900万下,1800,芝,900万
1985/06/16,4歳未勝利,1800,ダ,未勝利
1985/06/16,3歳新馬,1000,ダ,新馬
1985/06/16,4歳未勝利,1200,ダ,未勝利
1985/06/16,4歳以上400万下,1500,ダ,400万
1985/06/16,恵庭岳特別(400万下),1200,ダ,400万
1985/06/16,十勝岳特別(400万下),1800,ダ,400万
1985/06/16,UHB賞(900万下),1500,ダ,900万
1985/06/16,4歳以上900万下,1800,ダ,900万
1985/06/16,3歳未勝利,1000,芝,未勝利
1985/06/16,4歳未勝利,2000,芝,未勝利
1985/06/16,4歳未勝利,1800,芝,未勝利
1985/06/16,4歳未勝利,1700,ダ,未勝利
1985/06/16,5歳以上400万下,2400,芝,400万
1985/06/16,4歳未勝利,1000,芝,未勝利
1985/06/16,しゃくなげ賞(900万下),1800,芝,900万
1985/06/16,4歳400万下,1700,芝,400万
1985/06/16,栗子特別(900万下),2000,芝,900万
1985/06/16,地方競馬招待(OP),1800,芝,OP
1985/06/16,5歳以上400万下,1700,芝,400万
1985/06/16,3歳未勝利,1000,ダ,未勝利
1985/06/16,4歳以上,1600,ダ,NoClass
1985/06/16,4歳未勝利,1800,芝,未勝利
1985/06/16,4歳未勝利,1700,ダ,未勝利
1985/06/16,4歳未勝利,1800,芝,未勝利
1985/06/16,4歳未勝利,1800,芝,未勝利
1985/06/16,4歳400万下,1700,芝,400万
1985/06/16,5歳以上400万下,1200,芝,400万
1985/06/16,えのき賞(400万下),1200,芝,400万
1985/06/16,寒狭川特別(900万下),2000,芝,900万
1985/06/16,東海S(1400万下),1800,芝,1400万
1985/06/16,5歳以上900万下,1700,芝,900万
1985/06/15,4歳未勝利,1800,ダ,未勝利
1985/06/15,3歳新馬,1200,ダ,新馬
1985/06/15,4歳未勝利,1500,ダ,未勝利
1985/06/15,4歳未勝利,1200,ダ,未勝利
1985/06/15,4歳以上400万下,1200,ダ,400万
1985/06/15,4歳以上400万下,1800,ダ,400万
1985/06/15,羊蹄山特別(900万下),1800,ダ,900万
1985/06/15,羊ケ丘特別(400万下),1500,ダ,400万
1985/06/15,4歳以上400万下,1200,ダ,400万
1985/06/15,4歳以上未勝利,2800,障,未勝利
1985/06/15,3歳未勝利,1000,芝,未勝利
1985/06/15,4歳未勝利,1800,芝,未勝利
1985/06/15,4歳未勝利,1700,芝,未勝利
1985/06/15,4歳未勝利,1000,ダ,未勝利
1985/06/15,5歳以上400万下,1800,芝,400万
1985/06/15,4歳400万下,1700,ダ,400万
1985/06/15,グラジオラス賞(400万下),2000,芝,400万
1985/06/15,尾瀬特別(900万下),1800,芝,900万
1985/06/15,安達太良特別(1400万下),2000,芝,1400万
1985/06/15,5歳以上400万下,1800,芝,400万
1985/06/15,3歳未勝利,1000,ダ,未勝利
1985/06/15,4歳未勝利,2000,芝,未勝利
1985/06/15,4歳未勝利,1200,芝,未勝利
1985/06/15,4歳未勝利,1700,ダ,未勝利
1985/06/15,4歳以上未勝利,2800,障,未勝利
1985/06/15,4歳未勝利,1200,芝,未勝利
1985/06/15,4歳400万下,1700,ダ,400万
1985/06/15,5歳以上400万下,1800,芝,400万
1985/06/15,ぶっぼうそう特別(400万下),2000,芝,400万
1985/06/15,やまゆり賞(900万下),1800,芝,900万
1985/06/15,短距離ハンデキャップ(900万下),1200,芝,900万
1985/06/15,5歳以上400万下,1700,ダ,400万
1985/06/09,4歳未勝利,1800,ダ,未勝利
1985/06/09,3歳新馬,1000,ダ,新馬
1985/06/09,3歳新馬,1200,ダ,新馬
1985/06/09,4歳未勝利,1500,ダ,未勝利
1985/06/09,4歳以上400万下,1200,ダ,400万
1985/06/09,4歳以上400万下,2000,ダ,400万
1985/06/09,襟裳特別(400万下),1800,ダ,400万
1985/06/09,北斗賞(900万下),1500,ダ,900万
1985/06/09,札幌日経賞(OP),1800,ダ,OP
1985/06/09,4歳以上400万下,1200,ダ,400万
1985/06/09,4歳未勝利,1600,ダ,未勝利
1985/06/09,4歳未勝利,1600,芝,未勝利
1985/06/09,4歳未勝利,1600,芝,未勝利
1985/06/09,4歳未勝利,1400,芝,未勝利
1985/06/09,4歳以上勝入400万円以下,3300,障,400万
1985/06/09,4歳400万下,1600,ダ,400万
1985/06/09,4歳400万下,1400,芝,400万
1985/06/09,5歳以上400万下,1800,芝,400万
1985/06/09,エーデルワイスステー(900万下),1600,芝,900万
1985/06/09,麦秋特別(900万下),2000,芝,900万
1985/06/09,エプソムC(OP),1800,芝,OP
1985/06/09,5歳以上900万下,1600,ダ,900万
1985/06/09,4歳以上勝入,1800,ダ,NoClass
1985/06/09,4歳未勝利,1600,芝,未勝利
1985/06/09,4歳未勝利,1600,芝,未勝利
1985/06/09,4歳未勝利,1800,ダ,未勝利
1985/06/09,4歳以上未勝利,3000,障,未勝利
1985/06/09,5歳以上400万下,1200,ダ,400万
1985/06/09,4歳未勝利,2200,芝,未勝利
1985/06/09,4歳400万下,1600,芝,400万
1985/06/09,かきつばた賞(400万下),2500,芝,400万
1985/06/09,水無月S(1400万下),2000,芝,1400万
1985/06/09,阪急杯(OP),1400,芝,OP
1985/06/09,5歳以上900万下,2000,芝,900万
1985/06/08,4歳未勝利,1800,ダ,未勝利
1985/06/08,3歳新馬,1000,ダ,新馬
1985/06/08,4歳未勝利,1500,ダ,未勝利
1985/06/08,4歳未勝利,1200,ダ,未勝利
1985/06/08,4歳以上400万下,1500,ダ,400万
1985/06/08,4歳以上400万下,1800,ダ,400万
1985/06/08,ニセコ特別(400万下),1500,ダ,400万
1985/06/08,白樺賞(900万下),2000,ダ,900万
1985/06/08,4歳以上400万下,1500,ダ,400万
1985/06/08,4歳以上勝入,1700,ダ,NoClass
1985/06/08,4歳未勝利,1700,ダ,未勝利
1985/06/08,4歳未勝利,1200,ダ,未勝利
1985/06/08,4歳未勝利,2000,芝,未勝利
1985/06/08,4歳以上未勝利,3100,障,未勝利
1985/06/08,4歳未勝利,2000,芝,未勝利
1985/06/08,4歳未勝利,1800,芝,未勝利
1985/06/08,4歳400万下,1600,芝,400万
1985/06/08,あじさい賞(400万下),2400,芝,400万
1985/06/08,秋川特別(900万下),1600,芝,900万
1985/06/08,水無月賞(1400万下),2000,芝,1400万
1985/06/08,5歳以上400万下,1600,ダ,400万
1985/06/08,4歳未勝利,2000,芝,未勝利
1985/06/08,4歳未勝利,1800,ダ,未勝利
1985/06/08,4歳未勝利,1900,芝,未勝利
1985/06/08,4歳未勝利,2000,芝,未勝利
1985/06/08,4歳以上勝入400万円以下,3200,障,400万
1985/06/08,4歳400万下,1800,ダ,400万
1985/06/08,4歳400万下,1400,芝,400万
1985/06/08,5歳以上400万下,2000,芝,400万
1985/06/08,マーガレットステーク(OP),1600,芝,OP
1985/06/08,鷹取特別(900万下),2500,芝,900万
1985/06/08,ジューンS(1400万下),1600,芝,1400万
1985/06/08,5歳以上900万下,1800,ダ,900万
1985/06/02,4歳未勝利,1800,芝,未勝利
1985/06/02,4歳未勝利,1400,ダ,未勝利
1985/06/02,4歳未勝利,2000,芝,未勝利
1985/06/02,4歳未勝利,1600,芝,未勝利
1985/06/02,4歳以上未勝利,3100,障,未勝利
1985/06/02,4歳400万下,1600,ダ,400万
1985/06/02,5歳以上400万下,1800,芝,400万
1985/06/02,5歳以上400万下,1800,芝,400万
1985/06/02,露草賞(400万下),1800,芝,400万
1985/06/02,是政特別(1400万下),1600,ダ,1400万
1985/06/02,ジューンS(OP),2400,芝,OP
1985/06/02,5歳以上900万下,1400,ダ,900万
1985/06/02,4歳未勝利,1800,ダ,未勝利
1985/06/02,4歳未勝利,2000,芝,未勝利
1985/06/02,4歳未勝利,1400,芝,未勝利
1985/06/02,4歳400万下,1800,ダ,400万
1985/06/02,4歳400万下,1600,芝,400万
1985/06/02,4歳400万下,1400,芝,400万
1985/06/02,5歳以上400万下,1600,芝,400万
1985/06/02,菩提樹特別(900万下),2200,芝,900万
1985/06/02,加古川特別(900万下),1800,ダ,900万
1985/06/02,宝塚記念(OP),2200,芝,OP
1985/06/02,5歳以上900万下,1200,ダ,900万
1985/06/01,4歳未勝利,1700,ダ,未勝利
1985/06/01,4歳未勝利,1800,芝,未勝利
1985/06/01,4歳未勝利,1800,芝,未勝利
1985/06/01,4歳未勝利,1200,ダ,未勝利
1985/06/01,4歳以上,3300,障,NoClass
1985/06/01,4歳未勝利,1600,芝,未勝利
1985/06/01,4歳400万下,1800,芝,400万
1985/06/01,4歳400万下,2000,芝,400万
1985/06/01,ガーベラ賞(400万下),1600,芝,400万
1985/06/01,雲取山特別(900万下),2300,芝,900万
1985/06/01,パールS(1400万下),1400,芝,1400万
1985/06/01,5歳以上900万下,1800,芝,900万
1985/06/01,4歳以上未勝利,3000,障,未勝利
1985/06/01,4歳未勝利,1200,ダ,未勝利
1985/06/01,4歳未勝利,1200,ダ,未勝利
1985/06/01,4歳未勝利,1800,ダ,未勝利
1985/06/01,4歳以上勝入,3200,障,NoClass
1985/06/01,4歳未勝利,1600,芝,未勝利
1985/06/01,4歳400万下,1800,ダ,400万
1985/06/01,5歳以上400万下,1800,ダ,400万
1985/06/01,あじさい賞(400万下),2000,芝,400万
1985/06/01,摂津特別(900万下),1600,芝,900万
1985/06/01,灘S(1400万下),2500,芝,1400万
1985/06/01,5歳以上900万下,2000,芝,900万
1985/05/26,4歳未勝利,1600,ダ,未勝利
1985/05/26,4歳400万下,2000,芝,400万
1985/05/26,4歳400万下,1400,芝,400万
1985/05/26,5歳以上900万下,1600,芝,900万
1985/05/26,4歳未勝利,1800,芝,未勝利
1985/05/26,4歳未勝利,1600,芝,未勝利
1985/05/26,4歳未勝利,1400,芝,未勝利
1985/05/26,駒草賞(900万下),2000,芝,900万
1985/05/26,むらさき賞(1400万下),1800,芝,1400万
1985/05/26,東京優駿(OP),2400,芝,OP
1985/05/26,5歳以上400万下,1400,芝,400万
1985/05/26,4歳以上,1200,ダ,NoClass
1985/05/26,4歳未勝利,1700,ダ,未勝利
1985/05/26,4歳未勝利,1200,芝,未勝利
1985/05/26,4歳未勝利,1200,芝,未勝利
1985/05/26,4歳400万下,2200,芝,400万
1985/05/26,4歳未勝利,1900,芝,未勝利
1985/05/26,4歳400万下,1200,ダ,400万
1985/05/26,白百合S(OP),2000,芝,OP
1985/05/26,5歳以上400万下,1900,芝,400万
1985/05/26,三宮特別(900万下),1600,芝,900万
1985/05/26,垂水S(1400万下),2000,芝,1400万
1985/05/26,5歳以上900万下,1700,ダ,900万
1985/05/25,4歳以上,1400,ダ,NoClass
1985/05/25,4歳未勝利,1600,ダ,未勝利
1985/05/25,4歳未勝利,1400,ダ,未勝利
1985/05/25,4歳未勝利,2000,芝,未勝利
1985/05/25,4歳以上未勝利,3100,障,未勝利
1985/05/25,4歳400万下,1600,ダ,400万
1985/05/25,5歳以上400万下,1600,ダ,400万
1985/05/25,5歳以上400万下,1600,ダ,400万
1985/05/25,桐花賞(400万下),1600,芝,400万
1985/05/25,府中特別(900万下),2000,芝,900万
1985/05/25,NZT4歳S(G3),1600,芝,G3
1985/05/25,5歳以上900万下,1800,芝,900万
1985/05/25,4歳400万下,1900,ダ,400万
1985/05/25,4歳未勝利,1200,ダ,未勝利
1985/05/25,4歳未勝利,1900,ダ,未勝利
1985/05/25,4歳未勝利,1700,ダ,未勝利
1985/05/25,4歳以上未勝利,3000,障,未勝利
1985/05/25,4歳未勝利,1700,ダ,未勝利
1985/05/25,4歳未勝利,1800,ダ,未勝利
1985/05/25,5歳以上400万下,1800,ダ,400万
1985/05/25,露草賞(400万下),1600,芝,400万
1985/05/25,生田特別(900万下),2500,芝,900万
1985/05/25,安芸S(1400万下),1800,ダ,1400万
1985/05/25,5歳以上900万下,1200,ダ,900万
1985/05/19,5歳以上400万下,1700,ダ,400万
1985/05/19,4歳未勝利,1400,ダ,未勝利
1985/05/19,4歳未勝利,1400,ダ,未勝利
1985/05/19,4歳未勝利,2000,芝,未勝利
1985/05/19,4歳未勝利,1600,芝,未勝利
1985/05/19,4歳400万下,1800,芝,400万
1985/05/19,欅特別(1400万下),1600,芝,1400万
1985/05/19,4歳400万下,1600,芝,400万
1985/05/19,日吉特別(900万下),1600,ダ,900万
1985/05/19,優駿牝馬(OP),2400,芝,OP
1985/05/19,5歳以上900万下,2000,芝,900万
1985/05/19,4歳以上300万下,1700,ダ,300万
1985/05/19,4歳未勝利,1200,ダ,未勝利
1985/05/19,4歳未勝利,1800,ダ,未勝利
1985/05/19,4歳未勝利,1200,ダ,未勝利
1985/05/19,4歳以上400万下,3000,障,400万
1985/05/19,4歳未勝利,1600,芝,未勝利
1985/05/19,4歳400万下,1200,芝,400万
1985/05/19,5歳以上400万下,2500,芝,400万
1985/05/19,野苺賞(400万下),1800,ダ,400万
1985/05/19,摩耶S(900万下),2000,芝,900万
1985/05/19,エメラルドS(OP),1600,芝,OP
1985/05/19,5歳以上900万下,1800,ダ,900万
1985/05/18,4歳未勝利,1700,ダ,未勝利
1985/05/18,4歳未勝利,1600,ダ,未勝利
1985/05/18,4歳未勝利,1800,芝,未勝利
1985/05/18,4歳未勝利,1800,芝,未勝利
1985/05/18,4歳以上未勝利,3100,障,未勝利
1985/05/18,4歳400万下,1200,ダ,400万
1985/05/18,4歳400万下,2000,芝,400万
1985/05/18,カーネーションC(OP),1400,芝,OP
1985/05/18,5歳以上400万下,2300,芝,400万
1985/05/18,若鮎賞(900万下),1400,芝,900万
1985/05/18,エメラルドS(1400万下),2400,芝,1400万
1985/05/18,5歳以上900万下,1400,芝,900万
1985/05/18,4歳未勝利,1800,ダ,未勝利
1985/05/18,4歳未勝利,1400,芝,未勝利
1985/05/18,4歳未勝利,2000,芝,未勝利
1985/05/18,4歳400万下,2000,芝,400万
1985/05/18,4歳以上未勝利,3000,障,未勝利
1985/05/18,5歳以上400万下,1800,ダ,400万
1985/05/18,4歳400万下,1600,芝,400万
1985/05/18,5歳以上400万下,1800,ダ,400万
1985/05/18,白藤賞(900万下),1600,芝,900万
1985/05/18,三田特別(900万下),1200,芝,900万
1985/05/18,メイS(1400万下),2200,芝,1400万
1985/05/18,5歳以上900万下,1800,芝,900万
1985/05/12,4歳以上300万下,1800,芝,300万
1985/05/12,4歳未出走,1700,芝,未出走
1985/05/12,4歳未出走,1700,芝,未出走
1985/05/12,4歳未勝利,1700,芝,未勝利
1985/05/12,4歳未勝利,1700,ダ,未勝利
1985/05/12,5歳以上400万下,1000,ダ,400万
1985/05/12,摺上特別(400万下),2000,芝,400万
1985/05/12,信夫山特別(900万下),1800,芝,900万
1985/05/12,新潟大賞典(OP),2000,芝,OP
1985/05/12,5歳以上400万下,1700,ダ,400万
1985/05/12,4歳未勝利,1600,ダ,未勝利
1985/05/12,4歳未勝利,1400,芝,未勝利
1985/05/12,4歳未勝利,1400,芝,未勝利
1985/05/12,4歳未勝利,1800,芝,未勝利
1985/05/12,5歳以上勝入400万円以下,3300,障,400万
1985/05/12,4歳400万下,1600,芝,400万
1985/05/12,5歳以上400万下,1400,ダ,400万
1985/05/12,あざみ賞(400万下),1800,芝,400万
1985/05/12,5歳以上900万下,1400,芝,900万
1985/05/12,秩父特別(900万下),2400,芝,900万
1985/05/12,安田記念(OP),1600,芝,OP
1985/05/12,5歳以上1400万下,2000,芝,1400万
1985/05/12,4歳以上勝入,1800,ダ,NoClass
1985/05/12,4歳未勝利,1400,ダ,未勝利
1985/05/12,4歳未勝利,1800,ダ,未勝利
1985/05/12,4歳未勝利,1400,ダ,未勝利
1985/05/12,4歳未勝利,2000,芝,未勝利
1985/05/12,4歳未勝利,1600,芝,未勝利
1985/05/12,5歳以上900万下,2400,芝,900万
1985/05/12,5歳以上1400万下,1600,芝,1400万
1985/05/12,あやめ賞(400万下),2000,芝,400万
1985/05/12,紫野特別(900万下),1600,芝,900万
1985/05/12,京阪杯(OP),2000,芝,OP
1985/05/12,4歳400万下,1200,芝,400万
1985/05/11,4歳以上勝入,1000,ダ,NoClass
1985/05/11,4歳未出走,2000,芝,未出走
1985/05/11,4歳未勝利,1000,ダ,未勝利
1985/05/11,4歳未勝利,1800,芝,未勝利
1985/05/11,5歳以上400万下,1700,ダ,400万
1985/05/11,5歳以上400万下,1700,芝,400万
1985/05/11,水芭蕉特別(400万下),2000,芝,400万
1985/05/11,雄国沼特別(400万下),1700,ダ,400万
1985/05/11,本宮特別(400万下),1800,芝,400万
1985/05/11,5歳以上400万下,1700,芝,400万
1985/05/11,4歳未勝利,1700,ダ,未勝利
1985/05/11,4歳未勝利,2000,芝,未勝利
1985/05/11,4歳未勝利,1600,ダ,未勝利
1985/05/11,4歳未勝利,2000,芝,未勝利
1985/05/11,5歳以上未勝利,3100,障,未勝利
1985/05/11,4歳未勝利,1600,芝,未勝利
1985/05/11,4歳400万下,1200,ダ,400万
1985/05/11,5歳以上400万下,1800,芝,400万
1985/05/11,4歳中距離特別(400万下),2000,芝,400万
1985/05/11,金峰山特別(900万下),1600,芝,900万
1985/05/11,高尾特別(1400万下),1400,芝,1400万
1985/05/11,5歳以上900万下,1600,ダ,900万
1985/05/11,4歳未勝利,1400,芝,未勝利
1985/05/11,4歳未勝利,2200,芝,未勝利
1985/05/11,4歳未勝利,1600,芝,未勝利
1985/05/11,4歳未勝利,1400,芝,未勝利
1985/05/11,5歳以上未勝利,3000,障,未勝利
1985/05/11,4歳400万下,1700,ダ,400万
1985/05/11,4歳400万下,1600,芝,400万
1985/05/11,5歳以上400万下,2000,芝,400万
1985/05/11,烏丸特別(1400万下),2400,芝,1400万
1985/05/11,葵賞(OP),1400,芝,OP
1985/05/11,下鴨特別(900万下),2000,芝,900万
1985/05/11,5歳以上900万下,1800,ダ,900万
1985/05/06,4歳未勝利,1700,ダ,未勝利
1985/05/06,4歳未出走,1000,芝,未出走
1985/05/06,4歳未勝利,1700,ダ,未勝利
1985/05/06,5歳以上400万下,2400,芝,400万
1985/05/06,5歳以上400万下,1000,ダ,400万
1985/05/06,アラブS(OP),1800,芝,OP
1985/05/06,ひめこまつ賞(400万下),1700,芝,400万
1985/05/06,久慈川特別(400万下),1800,芝,400万
1985/05/06,5歳以上400万下,1700,ダ,400万
1985/05/06,4歳未勝利,1700,ダ,未勝利
1985/05/06,4歳未勝利,1600,ダ,未勝利
1985/05/06,4歳未勝利,2000,芝,未勝利
1985/05/06,4歳400万下,1600,芝,400万
1985/05/06,5歳以上未勝利,3100,障,未勝利
1985/05/06,4歳未勝利,1400,芝,未勝利
1985/05/06,4歳未勝利,1400,芝,未勝利
1985/05/06,スイートピー賞(400万下),1800,芝,400万
1985/05/06,5歳以上400万下,1800,芝,400万
1985/05/06,立夏賞(1400万下),1600,芝,1400万
1985/05/06,NHK杯(OP),2000,芝,OP
1985/05/06,5歳以上900万下,1600,ダ,900万
1985/05/06,4歳以上300万下,1700,ダ,300万
1985/05/06,4歳未勝利,1200,ダ,未勝利
1985/05/06,4歳未勝利,2000,芝,未勝利
1985/05/06,4歳未勝利,1600,芝,未勝利
1985/05/06,4歳未勝利,1400,芝,未勝利
1985/05/06,4歳400万下,1200,ダ,400万
1985/05/06,5歳以上400万下,1800,ダ,400万
1985/05/06,5歳以上400万下,1800,ダ,400万
1985/05/06,京都大障害(OP),3270,障,OP
1985/05/06,高瀬川特別(900万下),2200,芝,900万
1985/05/06,北大路特別(1400万下),2000,芝,1400万
1985/05/06,5歳以上900万下,1600,芝,900万
1985/05/05,4歳以上300万下,1700,ダ,300万
1985/05/05,4歳未勝利,1700,ダ,未勝利
1985/05/05,4歳未出走,1700,ダ,未出走
1985/05/05,4歳未勝利,2000,芝,未勝利
1985/05/05,4歳未勝利,1000,芝,未勝利
1985/05/05,夏井川特別(400万下),1700,ダ,400万
1985/05/05,須賀川特別(400万下),2000,芝,400万
1985/05/05,奥只見特別(900万下),1700,芝,900万
1985/05/05,5歳以上400万下,1700,ダ,400万
1985/05/05,4歳未勝利,1800,ダ,未勝利
1985/05/05,4歳未勝利,1600,芝,未勝利
1985/05/05,4歳未勝利,1200,芝,未勝利
1985/05/05,5歳以上400万下,1600,芝,400万
1985/05/05,5歳以上未勝利,3000,障,未勝利
1985/05/05,4歳400万下,1600,芝,400万
1985/05/05,5歳以上400万下,1600,芝,400万
1985/05/05,5歳以上900万下,1800,ダ,900万
1985/05/05,端午賞(400万下),2400,芝,400万
1985/05/05,上賀茂特別(1400万下),1400,芝,1400万
1985/05/05,毎日放送賞京都4歳特(OP),2000,芝,OP
1985/05/05,5歳以上900万下,2000,芝,900万
1985/05/03,4歳未勝利,1700,ダ,未勝利
1985/05/03,4歳400万下,2400,芝,400万
1985/05/03,4歳未勝利,1600,芝,未勝利
1985/05/03,4歳未勝利,1600,芝,未勝利
1985/05/03,5歳以上勝入,3300,障,NoClass
1985/05/03,4歳未勝利,1800,芝,未勝利
1985/05/03,4歳400万下,1400,芝,400万
1985/05/03,5歳以上900万下,1600,芝,900万
1985/05/03,狭山特別(900万下),1800,芝,900万
1985/05/03,菖蒲特別(OP),1400,芝,OP
1985/05/03,メイS(OP),2300,芝,OP
1985/05/03,5歳以上400万下,1600,ダ,400万
1985/04/29,4歳以上,1700,ダ,NoClass
1985/04/29,4歳未勝利,1700,ダ,未勝利
1985/04/29,4歳未出走,1800,芝,未出走
1985/04/29,4歳未出走,1800,芝,未出走
1985/04/29,4歳未勝利,1000,ダ,未勝利
1985/04/29,4歳未勝利,2000,芝,未勝利
1985/04/29,5歳以上400万下,1700,ダ,400万
1985/04/29,雲雀ケ原特別(400万下),1000,芝,400万
1985/04/29,飯盛山特別(400万下),1800,芝,400万
1985/04/29,5歳以上400万下,1700,ダ,400万
1985/04/29,4歳未勝利,1700,ダ,未勝利
1985/04/29,4歳未勝利,1600,ダ,未勝利
1985/04/29,4歳400万下,1800,芝,400万
1985/04/29,4歳未勝利,2000,芝,未勝利
1985/04/29,4歳未勝利,1600,芝,未勝利
1985/04/29,4歳400万下,1600,ダ,400万
1985/04/29,5歳以上400万下,2000,芝,400万
1985/04/29,5歳以上900万下,1400,ダ,900万
1985/04/29,青葉賞(OP),2400,芝,OP
1985/04/29,丹沢特別(900万下),1600,芝,900万
1985/04/29,薫風特別(1400万下),2000,芝,1400万
1985/04/29,5歳以上900万下,1400,ダ,900万
1985/04/29,4歳未勝利,1800,ダ,未勝利
1985/04/29,4歳未勝利,1800,ダ,未勝利
1985/04/29,4歳400万下,2200,芝,400万
1985/04/29,4歳未勝利,1400,芝,未勝利
1985/04/29,4歳未勝利,1600,芝,未勝利
1985/04/29,5歳以上400万下,1200,ダ,400万
1985/04/29,5歳以上900万下,1600,芝,900万
1985/04/29,矢車賞(400万下),1600,芝,400万
1985/04/29,祇園特別(900万下),1800,ダ,900万
1985/04/29,天皇賞(春)(G1),3200,芝,G1
1985/04/29,5歳以上1400万下,1800,ダ,1400万
1985/04/28,4歳未出走,1000,ダ,未出走
1985/04/28,4歳未出走,1700,ダ,未出走
1985/04/28,4歳未勝利,1700,ダ,未勝利
1985/04/28,4歳未勝利,1800,芝,未勝利
1985/04/28,5歳以上400万下,1000,ダ,400万
1985/04/28,5歳以上400万下,1000,ダ,400万
1985/04/28,アラブ特別(300万下),2000,芝,300万
1985/04/28,浄土平特別(400万下),2000,芝,400万
1985/04/28,吾妻小富士賞(OP),1800,芝,OP
1985/04/28,5歳以上400万下,1700,ダ,400万
1985/04/28,4歳未勝利,1600,ダ,未勝利
1985/04/28,4歳未勝利,1800,芝,未勝利
1985/04/28,4歳未勝利,1400,芝,未勝利
1985/04/28,4歳400万下,2000,芝,400万
1985/04/28,5歳以上未勝利,3100,障,未勝利
1985/04/28,4歳未勝利,1400,芝,未勝利
1985/04/28,4歳400万下,1600,芝,400万
1985/04/28,5歳以上400万下,1200,ダ,400万
1985/04/28,八ヶ岳特別(900万下),2000,芝,900万
1985/04/28,武蔵野S(1400万下),1600,ダ,1400万
1985/04/28,サンケイスポーツ賞4(OP),1800,芝,OP
1985/04/28,5歳以上900万下,1800,芝,900万
1985/04/28,4歳未勝利,1400,ダ,未勝利
1985/04/28,4歳未勝利,1400,ダ,未勝利
1985/04/28,4歳未勝利,2400,芝,未勝利
1985/04/28,4歳未勝利,1600,芝,未勝利
1985/04/28,5歳以上未勝利,3000,障,未勝利
1985/04/28,5歳以上400万下,3000,障,400万
1985/04/28,4歳400万下,1800,ダ,400万
1985/04/28,5歳以上400万下,2000,芝,400万
1985/04/28,あずさ賞(400万下),1400,芝,400万
1985/04/28,御池特別(900万下),2400,芝,900万
1985/04/28,醍醐特別(1400万下),1600,芝,1400万
1985/04/28,5歳以上900万下,1800,ダ,900万
1985/04/21,4歳以上,2000,芝,NoClass
1985/04/21,4歳未出走,1000,ダ,未出走
1985/04/21,4歳未出走,1700,芝,未出走
1985/04/21,4歳未勝利,1700,ダ,未勝利
1985/04/21,4歳未勝利,1000,芝,未勝利
1985/04/21,4歳未勝利,1000,芝,未勝利
1985/04/21,5歳以上400万下,1700,ダ,400万
1985/04/21,いわかがみ賞(400万下),1800,芝,400万
1985/04/21,岩谷特別(400万下),1800,芝,400万
1985/04/21,やまびこ特別(900万下),2000,芝,900万
1985/04/21,5歳以上400万下,1700,ダ,400万
1985/04/21,4歳未勝利,1600,ダ,未勝利
1985/04/21,4歳未勝利,1200,ダ,未勝利
1985/04/21,4歳未勝利,1800,芝,未勝利
1985/04/21,5歳以上400万下,1700,ダ,400万
1985/04/21,5歳以上400万下,3100,障,400万
1985/04/21,4歳未勝利,1600,芝,未勝利
1985/04/21,4歳未勝利,1600,芝,未勝利
1985/04/21,4歳400万下,1400,芝,400万
1985/04/21,八重桜賞(400万下),1600,芝,400万
1985/04/21,陣馬特別(900万下),2300,芝,900万
1985/04/21,京王杯スプリングカッ(OP),1400,芝,OP
1985/04/21,5歳以上1400万下,1600,芝,1400万
1985/04/21,4歳以上,1700,ダ,NoClass
1985/04/21,4歳未勝利,1700,ダ,未勝利
1985/04/21,4歳未勝利,1400,ダ,未勝利
1985/04/21,4歳未勝利,1200,ダ,未勝利
1985/04/21,4歳未勝利,1400,ダ,未勝利
1985/04/21,4歳未勝利,1400,ダ,未勝利
1985/04/21,4歳400万下,1400,ダ,400万
1985/04/21,5歳以上400万下,1700,ダ,400万
1985/04/21,たちばな賞(400万下),2000,芝,400万
1985/04/21,白川特別(900万下),2000,芝,900万
1985/04/21,平安S(OP),1400,芝,OP
1985/04/21,5歳以上900万下,1400,ダ,900万
1985/04/20,4歳以上300万下,1000,ダ,300万
1985/04/20,4歳未出走,1700,ダ,未出走
1985/04/20,4歳未出走,2000,芝,未出走
1985/04/20,4歳未勝利,1700,ダ,未勝利
1985/04/20,4歳未勝利,1700,ダ,未勝利
1985/04/20,4歳未勝利,1800,芝,未勝利
1985/04/20,5歳以上400万下,1000,ダ,400万
1985/04/20,5歳以上400万下,1800,芝,400万
1985/04/20,野地特別(400万下),1700,ダ,400万
1985/04/20,小野川湖特別(400万下),2400,芝,400万
1985/04/20,5歳以上400万下,1800,芝,400万
1985/04/20,4歳未勝利,2400,芝,未勝利
1985/04/20,4歳未勝利,1600,ダ,未勝利
1985/04/20,4歳未勝利,1400,ダ,未勝利
1985/04/20,4歳未勝利,1800,芝,未勝利
1985/04/20,5歳以上未勝利,3100,障,未勝利
1985/04/20,4歳400万下,1800,芝,400万
1985/04/20,5歳以上400万下,1600,芝,400万
1985/04/20,5歳以上900万下,1600,芝,900万
1985/04/20,新緑賞(400万下),2000,芝,400万
1985/04/20,清里特別(900万下),1600,ダ,900万
1985/04/20,晩春特別(1400万下),2400,芝,1400万
1985/04/20,5歳以上900万下,1600,芝,900万
1985/04/20,4歳未勝利,1800,ダ,未勝利
1985/04/20,4歳未勝利,2000,芝,未勝利
1985/04/20,4歳未勝利,1200,芝,未勝利
1985/04/20,4歳未勝利,1200,芝,未勝利
1985/04/20,5歳以上未勝利,3000,障,未勝利
1985/04/20,4歳400万下,1400,ダ,400万
1985/04/20,4歳400万下,1600,芝,400万
1985/04/20,5歳以上400万下,1600,芝,400万
1985/04/20,若草賞(OP),2400,芝,OP
1985/04/20,鴨川特別(900万下),1400,芝,900万
1985/04/20,朱雀特別(1400万下),2200,芝,1400万
1985/04/20,5歳以上900万下,1800,ダ,900万
1985/04/14,4歳未勝利,1800,ダ,未勝利
1985/04/14,4歳未勝利,1800,ダ,未勝利
1985/04/14,4歳未勝利,1700,ダ,未勝利
1985/04/14,4歳未出走,1800,ダ,未出走
1985/04/14,4歳未勝利,1800,ダ,未勝利
1985/04/14,4歳400万下,1700,ダ,400万
1985/04/14,5歳以上400万下,1200,ダ,400万
1985/04/14,香取特別(900万下),1200,芝,900万
1985/04/14,春風賞(1400万下),1800,ダ,1400万
1985/04/14,皐月賞(OP),2000,芝,OP
1985/04/14,5歳以上900万下,1700,ダ,900万
1985/04/14,4歳未出走,1800,ダ,未出走
1985/04/14,4歳未勝利,1800,ダ,未勝利
1985/04/14,4歳未勝利,1700,ダ,未勝利
1985/04/14,4歳未勝利,1200,ダ,未勝利
1985/04/14,5歳以上未勝利,3000,障,未勝利
1985/04/14,4歳未勝利,1200,ダ,未勝利
1985/04/14,4歳400万下,1700,ダ,400万
1985/04/14,5歳以上400万下,1800,ダ,400万
1985/04/14,山吹賞(400万下),1200,芝,400万
1985/04/14,なにわS(1400万下),2000,芝,1400万
1985/04/14,大阪城S(OP),2500,芝,OP
1985/04/14,5歳以上900万下,1700,ダ,900万
1985/04/13,4歳未出走,1200,ダ,未出走
1985/04/13,4歳未出走,1200,ダ,未出走
1985/04/13,4歳未勝利,1800,ダ,未勝利
1985/04/13,4歳未勝利,1700,ダ,未勝利
1985/04/13,5歳以上未勝利,3200,障,未勝利
1985/04/13,4歳未勝利,1200,ダ,未勝利
1985/04/13,4歳400万下,1200,ダ,400万
1985/04/13,5歳以上900万下,1800,ダ,900万
1985/04/13,山吹賞(400万下),2200,芝,400万
1985/04/13,菜の花賞(OP),1600,芝,OP
1985/04/13,船橋S(1400万下),1800,芝,1400万
1985/04/13,5歳以上400万下,1800,ダ,400万
1985/04/13,4歳未出走,1800,ダ,未出走
1985/04/13,4歳未勝利,1800,ダ,未勝利
1985/04/13,4歳未勝利,1900,ダ,未勝利
1985/04/13,4歳400万下,1800,ダ,400万
1985/04/13,5歳以上勝入400万円以下,3200,障,400万
1985/04/13,4歳未勝利,1700,ダ,未勝利
1985/04/13,5歳以上400万下,1700,ダ,400万
1985/04/13,5歳以上400万下,1700,ダ,400万
1985/04/13,わらび賞(400万下),2200,芝,400万
1985/04/13,れんげ賞(OP),1200,芝,OP
1985/04/13,明石特別(900万下),2500,芝,900万
1985/04/13,5歳以上900万下,1800,ダ,900万
1985/04/07,4歳未出走,1800,ダ,未出走
1985/04/07,4歳未勝利,1800,ダ,未勝利
1985/04/07,4歳未勝利,1200,ダ,未勝利
1985/04/07,4歳未勝利,1800,芝,未勝利
1985/04/07,4歳400万下,1800,ダ,400万
1985/04/07,4歳400万下,1600,芝,400万
1985/04/07,5歳以上400万下,1700,ダ,400万
1985/04/07,5歳以上400万下,1700,ダ,400万
1985/04/07,千葉日報杯(900万下),2200,芝,900万
1985/04/07,中山大障害(OP),4100,障,OP
1985/04/07,エイプリルS(OP),1600,芝,OP
1985/04/07,5歳以上900万下,1800,芝,900万
1985/04/07,4歳400万下,2000,芝,400万
1985/04/07,4歳未勝利,1700,ダ,未勝利
1985/04/07,4歳未勝利,1800,ダ,未勝利
1985/04/07,4歳未勝利,1700,ダ,未勝利
1985/04/07,4歳未出走,1200,ダ,未出走
1985/04/07,4歳400万下,1200,ダ,400万
1985/04/07,5歳以上900万下,1400,芝,900万
1985/04/07,播磨特別(900万下),2200,芝,900万
1985/04/07,梅田S(1400万下),1800,ダ,1400万
1985/04/07,桜花賞(OP),1600,芝,OP
1985/04/07,5歳以上400万下,1800,ダ,400万
1985/04/06,4歳以上300万下,1700,ダ,300万
1985/04/06,4歳未勝利,1800,ダ,未勝利
1985/04/06,4歳未勝利,1200,ダ,未勝利
1985/04/06,4歳未勝利,1600,芝,未勝利
1985/04/06,5歳以上未勝利,2700,障,未勝利
1985/04/06,4歳未勝利,1600,芝,未勝利
1985/04/06,4歳400万下,1700,ダ,400万
1985/04/06,山藤賞(400万下),1200,芝,400万
1985/04/06,5歳以上400万下,1800,ダ,400万
1985/04/06,隅田川特別(900万下),1600,芝,900万
1985/04/06,爽春賞(1400万下),2000,芝,1400万
1985/04/06,5歳以上900万下,1800,ダ,900万
1985/04/06,5歳以上未勝利,3000,障,未勝利
1985/04/06,4歳未出走,1800,ダ,未出走
1985/04/06,4歳未勝利,1800,ダ,未勝利
1985/04/06,4歳未勝利,1700,ダ,未勝利
1985/04/06,5歳以上勝入,3200,障,NoClass
1985/04/06,4歳未勝利,1200,ダ,未勝利
1985/04/06,4歳未勝利,1200,ダ,未勝利
1985/04/06,4歳400万下,1600,芝,400万
1985/04/06,忘れな草賞(OP),2000,芝,OP
1985/04/06,姫路特別(900万下),1800,ダ,900万
1985/04/06,京橋S(1400万下),2500,芝,1400万
1985/04/06,5歳以上900万下,1800,ダ,900万
1985/03/31,4歳以上,1800,ダ,NoClass
1985/03/31,4歳未出走,1200,ダ,未出走
1985/03/31,4歳未出走,1200,ダ,未出走
1985/03/31,4歳未勝利,1800,ダ,未勝利
1985/03/31,4歳未勝利,1800,ダ,未勝利
1985/03/31,4歳未勝利,2200,芝,未勝利
1985/03/31,4歳400万下,1800,芝,400万
1985/03/31,5歳以上400万下,1200,ダ,400万
1985/03/31,山桜賞(400万下),1600,芝,400万
1985/03/31,勝浦特別(900万下),1800,ダ,900万
1985/03/31,日経賞(OP),2500,芝,OP
1985/03/31,5歳以上900万下,1800,芝,900万
1985/03/31,4歳未出走,1800,ダ,未出走
1985/03/31,4歳未勝利,1800,ダ,未勝利
1985/03/31,4歳未勝利,1700,ダ,未勝利
1985/03/31,4歳未勝利,1600,芝,未勝利
1985/03/31,5歳以上未勝利,3000,障,未勝利
1985/03/31,4歳未勝利,1600,芝,未勝利
1985/03/31,4歳400万下,1400,芝,400万
1985/03/31,クローバー賞(400万下),1800,ダ,400万
1985/03/31,5歳以上400万下,1200,ダ,400万
1985/03/31,赤穂特別(900万下),1600,芝,900万
1985/03/31,サンケイ大阪杯(G2),2000,芝,G2
1985/03/31,5歳以上900万下,2000,芝,900万
1985/03/30,4歳未勝利,1800,ダ,未勝利
1985/03/30,4歳未出走,1800,ダ,未出走
1985/03/30,4歳未勝利,1700,ダ,未勝利
1985/03/30,4歳未勝利,1200,ダ,未勝利
1985/03/30,5歳以上未勝利,2700,障,未勝利
1985/03/30,4歳未勝利,1200,ダ,未勝利
1985/03/30,4歳400万下,1200,ダ,400万
1985/03/30,4歳400万下,1600,芝,400万
1985/03/30,若葉賞(OP),2200,芝,OP
1985/03/30,三里塚特別(900万下),2500,芝,900万
1985/03/30,卯月賞(1400万下),1200,芝,1400万
1985/03/30,5歳以上400万下,1800,ダ,400万
1985/03/30,4歳未出走,1800,ダ,未出走
1985/03/30,4歳未勝利,1700,ダ,未勝利
1985/03/30,4歳未勝利,1800,ダ,未勝利
1985/03/30,4歳400万下,1700,ダ,400万
1985/03/30,4歳400万下,2000,芝,400万
1985/03/30,4歳未勝利,1200,ダ,未勝利
1985/03/30,4歳未勝利,1200,ダ,未勝利
1985/03/30,5歳以上400万下,1800,ダ,400万
1985/03/30,すみれ賞(OP),2200,芝,OP
1985/03/30,ひよどり越特別(900万下),2000,芝,900万
1985/03/30,道頓堀S(1400万下),1600,芝,1400万
1985/03/30,5歳以上900万下,1800,ダ,900万
1985/03/30,5歳以上400万下,1800,芝,400万
1985/03/24,4歳未出走,1700,ダ,未出走
1985/03/24,4歳未勝利,1800,ダ,未勝利
1985/03/24,4歳未勝利,1200,ダ,未勝利
1985/03/24,5歳以上未勝利,2700,障,未勝利
1985/03/24,4歳未勝利,2000,芝,未勝利
1985/03/24,4歳400万下,1200,芝,400万
1985/03/24,5歳以上400万下,1800,ダ,400万
1985/03/24,鹿島特別(900万下),2000,芝,900万
1985/03/24,京葉S(OP),1800,ダ,OP
1985/03/24,フジテレビ賞スプリン(OP),1800,芝,OP
1985/03/24,5歳以上900万下,1200,ダ,900万
1985/03/24,4歳未勝利,2200,芝,未勝利
1985/03/24,4歳未勝利,1800,ダ,未勝利
1985/03/24,4歳未勝利,1700,ダ,未勝利
1985/03/24,4歳未出走,1800,ダ,未出走
1985/03/24,5歳以上400万下,3000,障,400万
1985/03/24,4歳400万下,1200,ダ,400万
1985/03/24,5歳以上900万下,1200,ダ,900万
1985/03/24,5歳以上400万下,1800,ダ,400万
1985/03/24,菜の花賞(400万下),2000,芝,400万
1985/03/24,白鷺特別(900万下),2500,芝,900万
1985/03/24,コーラルS(OP),1600,芝,OP
1985/03/24,5歳以上900万下,1200,ダ,900万
1985/03/23,4歳未出走,1800,ダ,未出走
1985/03/23,4歳未出走,1200,ダ,未出走
1985/03/23,4歳未出走,1200,ダ,未出走
1985/03/23,4歳未勝利,1800,ダ,未勝利
1985/03/23,5歳以上400万下,3200,障,400万
1985/03/23,4歳未勝利,1800,ダ,未勝利
1985/03/23,4歳400万下,1700,ダ,400万
1985/03/23,5歳以上400万下,1800,ダ,400万
1985/03/23,すみれ賞(OP),1200,芝,OP
1985/03/23,もくれん賞(400万下),2000,芝,400万
1985/03/23,房総特別(1400万下),2500,芝,1400万
1985/03/23,5歳以上900万下,1600,芝,900万
1985/03/23,4歳未勝利,1800,ダ,未勝利
1985/03/23,4歳未勝利,1700,ダ,未勝利
1985/03/23,4歳未出走,1200,ダ,未出走
1985/03/23,4歳未出走,1200,ダ,未出走
1985/03/23,5歳以上未勝利,3000,障,未勝利
1985/03/23,4歳未勝利,1200,ダ,未勝利
1985/03/23,4歳400万下,1700,ダ,400万
1985/03/23,4歳400万下,1200,芝,400万
1985/03/23,アネモネ賞(400万下),1600,芝,400万
1985/03/23,難波S(1400万下),2200,芝,1400万
1985/03/23,山陽特別(900万下),2000,芝,900万
1985/03/23,5歳以上400万下,1800,ダ,400万
1985/03/23,5歳以上400万下,1800,芝,400万
1985/03/17,4歳未勝利,1800,ダ,未勝利
1985/03/17,4歳400万下,1700,ダ,400万
1985/03/17,4歳未勝利,1200,ダ,未勝利
1985/03/17,4歳未勝利,1200,ダ,未勝利
1985/03/17,4歳未勝利,2000,芝,未勝利
1985/03/17,4歳新馬,1800,ダ,新馬
1985/03/17,4歳新馬,1200,ダ,新馬
1985/03/17,5歳以上400万下,1800,ダ,400万
1985/03/17,れんげ賞(400万下),2200,芝,400万
1985/03/17,白井特別(900万下),1800,ダ,900万
1985/03/17,スプリンターズステー(OP),1200,芝,OP
1985/03/17,5歳以上900万下,2000,芝,900万
1985/03/17,4歳未勝利,1800,ダ,未勝利
1985/03/17,4歳未勝利,1700,ダ,未勝利
1985/03/17,4歳新馬,1700,ダ,新馬
1985/03/17,4歳新馬,1200,ダ,新馬
1985/03/17,5歳以上未勝利,3000,障,未勝利
1985/03/17,4歳新馬,1200,ダ,新馬
1985/03/17,4歳400万下,1800,ダ,400万
1985/03/17,5歳以上900万下,1800,ダ,900万
1985/03/17,さわらび賞(400万下),2200,芝,400万
1985/03/17,仁川S(OP),1800,ダ,OP
1985/03/17,報知杯4歳牝馬特別(OP),1400,芝,OP
1985/03/17,5歳以上900万下,1800,ダ,900万
1985/03/16,4歳以上勝入300万円以下,1800,ダ,300万
1985/03/16,4歳未勝利,1800,ダ,未勝利
1985/03/16,4歳未勝利,1800,ダ,未勝利
1985/03/16,4歳400万下,1800,ダ,400万
1985/03/16,5歳以上未勝利,3200,障,未勝利
1985/03/16,4歳新馬,1800,ダ,新馬
1985/03/16,4歳新馬,1800,ダ,新馬
1985/03/16,5歳以上400万下,1200,ダ,400万
1985/03/16,安房特別(900万下),2500,芝,900万
1985/03/16,フラワーC(OP),2000,芝,OP
1985/03/16,仲春賞(1400万下),1600,芝,1400万
1985/03/16,5歳以上400万下,1200,ダ,400万
1985/03/16,4歳未勝利,1800,ダ,未勝利
1985/03/16,4歳400万下,1800,ダ,400万
1985/03/16,4歳未勝利,1200,ダ,未勝利
1985/03/16,4歳新馬,1800,ダ,新馬
1985/03/16,4歳新馬,2000,芝,新馬
1985/03/16,4歳新馬,2000,芝,新馬
1985/03/16,5歳以上400万下,1800,ダ,400万
1985/03/16,5歳以上900万下,1800,ダ,900万
1985/03/16,阪神障害S(OP),3200,障,OP
1985/03/16,春蘭賞(OP),1600,芝,OP
1985/03/16,甲山特別(900万下),2200,芝,900万
1985/03/16,5歳以上1400万下,1700,ダ,1400万
1985/03/16,5歳以上400万下,1700,芝,400万
1985/03/10,4歳未勝利,1800,ダ,未勝利
1985/03/10,4歳未勝利,1700,ダ,未勝利
1985/03/10,4歳未勝利,1200,ダ,未勝利
1985/03/10,4歳400万下,1800,ダ,400万
1985/03/10,5歳以上,3200,障,NoClass
1985/03/10,4歳新馬,1600,芝,新馬
1985/03/10,4歳新馬,1600,芝,新馬
1985/03/10,5歳以上400万下,1800,ダ,400万
1985/03/10,桜草特別(400万下),1200,芝,400万
1985/03/10,麗春賞(1400万下),2000,芝,1400万
1985/03/10,中山記念(OP),1800,芝,OP
1985/03/10,5歳以上900万下,1200,ダ,900万
1985/03/10,4歳未勝利,1800,ダ,未勝利
1985/03/10,4歳未勝利,1700,ダ,未勝利
1985/03/10,4歳新馬,1200,ダ,新馬
1985/03/10,4歳新馬,1700,ダ,新馬
1985/03/10,5歳以上900万下,1900,ダ,900万
1985/03/10,5歳以上400万下,1800,ダ,400万
1985/03/10,5歳以上400万下,1800,ダ,400万
1985/03/10,4歳400万下,1200,ダ,400万
1985/03/10,チューリップ賞(OP),1600,芝,OP
1985/03/10,武庫川S(1400万下),1400,芝,1400万
1985/03/10,鳴尾記念(OP),2500,芝,OP
1985/03/10,5歳以上900万下,1700,ダ,900万
1985/03/09,4歳以上,1800,ダ,NoClass
1985/03/09,4歳未勝利,1700,ダ,未勝利
1985/03/09,4歳未勝利,1800,ダ,未勝利
1985/03/09,4歳未勝利,1200,ダ,未勝利
1985/03/09,5歳以上未勝利,2700,障,未勝利
1985/03/09,4歳新馬,1200,ダ,新馬
1985/03/09,5歳以上900万下,1800,芝,900万
1985/03/09,5歳以上400万下,1800,ダ,400万
1985/03/09,4歳抽せん馬特別(400万下),1800,芝,400万
1985/03/09,総武特別(900万下),2200,芝,900万
1985/03/09,アクアマリンステーク(1400万下),1800,ダ,1400万
1985/03/09,5歳以上900万下,1800,芝,900万
1985/03/09,4歳未勝利,1800,ダ,未勝利
1985/03/09,4歳未勝利,1700,ダ,未勝利
1985/03/09,4歳400万下,1800,ダ,400万
1985/03/09,4歳未勝利,1200,ダ,未勝利
1985/03/09,5歳以上未勝利,3000,障,未勝利
1985/03/09,4歳未勝利,1200,ダ,未勝利
1985/03/09,4歳新馬,1400,芝,新馬
1985/03/09,5歳以上400万下,1800,ダ,400万
1985/03/09,4歳抽せん馬特別(400万下),1400,芝,400万
1985/03/09,須磨特別(900万下),1600,芝,900万
1985/03/09,マーチハンデキャップ(1400万下),2000,芝,1400万
1985/03/09,5歳以上900万下,1800,ダ,900万
1985/03/09,5歳以上400万下,1800,芝,400万
1985/03/03,4歳400万下,1800,ダ,400万
1985/03/03,4歳未勝利,1800,ダ,未勝利
1985/03/03,4歳未勝利,1200,ダ,未勝利
1985/03/03,4歳新馬,1800,ダ,新馬
1985/03/03,5歳以上400万下,3200,障,400万
1985/03/03,4歳新馬,1200,ダ,新馬
1985/03/03,4歳新馬,1200,ダ,新馬
1985/03/03,5歳以上400万下,1200,ダ,400万
1985/03/03,マーチS(OP),2200,芝,OP
1985/03/03,常陸特別(900万下),1800,芝,900万
1985/03/03,報知杯弥生賞(OP),2000,芝,OP
1985/03/03,5歳以上900万下,1800,ダ,900万
1985/03/03,4歳未勝利,1800,ダ,未勝利
1985/03/03,4歳未勝利,1800,ダ,未勝利
1985/03/03,4歳新馬,1800,ダ,新馬
1985/03/03,4歳400万下,1700,ダ,400万
1985/03/03,5歳以上400万下,3200,障,400万
1985/03/03,4歳新馬,1600,芝,新馬
1985/03/03,4歳新馬,1600,芝,新馬
1985/03/03,5歳以上400万下,1800,ダ,400万
1985/03/03,洲本特別(900万下),1800,ダ,900万
1985/03/03,うずしおS(1400万下),1600,芝,1400万
1985/03/03,毎日杯(OP),2000,芝,OP
1985/03/03,5歳以上900万下,1800,ダ,900万
1985/03/02,4歳以上300万下,1200,ダ,300万
1985/03/02,4歳未勝利,1800,ダ,未勝利
1985/03/02,4歳未勝利,1200,ダ,未勝利
1985/03/02,4歳未勝利,1200,ダ,未勝利
1985/03/02,5歳以上未勝利,2700,障,未勝利
1985/03/02,4歳未勝利,1800,ダ,未勝利
1985/03/02,4歳新馬,1800,ダ,新馬
1985/03/02,4歳400万下,1800,ダ,400万
1985/03/02,桃花賞(400万下),1600,芝,400万
1985/03/02,潮来特別(900万下),1200,芝,900万
1985/03/02,ブラッドストーンステ(1400万下),3200,芝,1400万
1985/03/02,5歳以上400万下,1800,ダ,400万
1985/03/02,4歳未勝利,1800,ダ,未勝利
1985/03/02,4歳未勝利,1800,ダ,未勝利
1985/03/02,4歳新馬,1700,ダ,新馬
1985/03/02,4歳新馬,1200,ダ,新馬
1985/03/02,5歳以上未勝利,3000,障,未勝利
1985/03/02,4歳新馬,1200,ダ,新馬
1985/03/02,4歳400万下,1800,ダ,400万
1985/03/02,5歳以上400万下,1800,ダ,400万
1985/03/02,初雛賞(400万下),1600,芝,400万
1985/03/02,淡路特別(900万下),2500,芝,900万
1985/03/02,鳴門S(1400万下),1800,ダ,1400万
1985/03/02,5歳以上900万下,1800,ダ,900万
1985/02/24,4歳未勝利,1800,ダ,未勝利
1985/02/24,4歳未勝利,1800,ダ,未勝利
1985/02/24,4歳未勝利,1200,ダ,未勝利
1985/02/24,4歳新馬,1200,ダ,新馬
1985/02/24,4歳新馬,1200,ダ,新馬
1985/02/24,4歳新馬,2000,芝,新馬
1985/02/24,4歳400万下,1700,ダ,400万
1985/02/24,5歳以上400万下,1800,ダ,400万
1985/02/24,バイオレット賞(OP),1200,芝,OP
1985/02/24,筑波山特別(900万下),2500,芝,900万
1985/02/24,中山牝馬S(OP),1800,芝,OP
1985/02/24,5歳以上900万下,1200,ダ,900万
1985/02/24,4歳未勝利,1700,ダ,未勝利
1985/02/24,4歳未勝利,1800,ダ,未勝利
1985/02/24,4歳新馬,1800,ダ,新馬
1985/02/24,4歳400万下,2000,芝,400万
1985/02/24,5歳以上,3200,障,NoClass
1985/02/24,4歳新馬,1200,ダ,新馬
1985/02/24,4歳新馬,1200,ダ,新馬
1985/02/24,5歳以上400万下,1200,ダ,400万
1985/02/24,クロッカス賞(400万下),1800,ダ,400万
1985/02/24,千里山特別(900万下),2000,芝,900万
1985/02/24,読売マイラーズC(OP),1600,芝,OP
1985/02/24,5歳以上900万下,1800,ダ,900万
1985/02/23,4歳未勝利,1700,ダ,未勝利
1985/02/23,4歳未勝利,1800,ダ,未勝利
1985/02/23,4歳新馬,1200,ダ,新馬
1985/02/23,4歳新馬,1600,芝,新馬
1985/02/23,5歳以上未勝利,2700,障,未勝利
1985/02/23,4歳新馬,1600,芝,新馬
1985/02/23,4歳400万下,1200,ダ,400万
1985/02/23,5歳以上400万下,1700,ダ,400万
1985/02/23,水仙賞(400万下),2000,芝,400万
1985/02/23,霞ヶ浦特別(900万下),1600,芝,900万
1985/02/23,千葉S(1400万下),1200,芝,1400万
1985/02/23,5歳以上900万下,1800,ダ,900万
1985/02/23,4歳未勝利,1800,ダ,未勝利
1985/02/23,4歳未勝利,1700,ダ,未勝利
1985/02/23,4歳未勝利,1200,ダ,未勝利
1985/02/23,4歳新馬,1800,ダ,新馬
1985/02/23,5歳以上未勝利,3000,障,未勝利
1985/02/23,4歳新馬,1700,ダ,新馬
1985/02/23,4歳新馬,2000,芝,新馬
1985/02/23,4歳新馬,2000,芝,新馬
1985/02/23,ヒヤシンス賞(400万下),1600,芝,400万
1985/02/23,伊丹特別(900万下),1200,ダ,900万
1985/02/23,甲南S(1400万下),2500,芝,1400万
1985/02/23,5歳以上400万下,1800,ダ,400万
1985/02/17,4歳,1400,ダ,NoClass
1985/02/17,4歳,1600,ダ,NoClass
1985/02/17,4歳,1200,ダ,NoClass
1985/02/17,4歳,1700,ダ,NoClass
1985/02/17,5歳以上,3300,障,NoClass
1985/02/17,4歳,1800,芝,NoClass
1985/02/17,5歳以上,1600,ダ,NoClass
1985/02/17,5歳以上,1600,ダ,NoClass
1985/02/17,うぐいす賞(OP),1600,ダ,OP
1985/02/17,早春特別(OP),1400,ダ,OP
1985/02/17,目黒記念(OP),2500,芝,OP
1985/02/17,5歳以上,1600,ダ,NoClass
1985/02/17,4歳以上勝入300万円以下,1700,ダ,300万
1985/02/17,4歳新馬,1700,ダ,新馬
1985/02/17,4歳未勝利,1600,ダ,未勝利
1985/02/17,5歳以上400万下,2200,ダ,400万
1985/02/17,5歳以上400万下,1700,ダ,400万
1985/02/17,5歳以上400万下,1000,ダ,400万
1985/02/17,5歳以上400万下,1700,ダ,400万
1985/02/17,5歳以上400万下,1000,ダ,400万
1985/02/17,雪割草特別(400万下),2000,芝,400万
1985/02/17,瀬戸特別(900万下),1700,ダ,900万
1985/02/17,中日新聞杯(OP),1800,芝,OP
1985/02/17,5歳以上400万下,1700,ダ,400万
1985/02/17,4歳未勝利,1800,ダ,未勝利
1985/02/17,4歳未勝利,1700,ダ,未勝利
1985/02/17,4歳未勝利,1200,ダ,未勝利
1985/02/17,4歳未勝利,1200,ダ,未勝利
1985/02/17,4歳新馬,1700,ダ,新馬
1985/02/17,4歳新馬,2000,芝,新馬
1985/02/17,5歳以上400万下,1700,ダ,400万
1985/02/17,5歳以上400万下,1400,ダ,400万
1985/02/17,もくれん賞(400万下),1800,ダ,400万
1985/02/17,栗東特別(900万下),1400,ダ,900万
1985/02/17,京都記念(OP),2400,芝,OP
1985/02/17,5歳以上900万下,1800,ダ,900万
1985/02/16,4歳以上,1600,ダ,NoClass
1985/02/16,4歳,1700,ダ,NoClass
1985/02/16,4歳,1200,ダ,NoClass
1985/02/16,4歳,1600,ダ,NoClass
1985/02/16,5歳以上,3100,障,NoClass
1985/02/16,4歳,1600,ダ,NoClass
1985/02/16,4歳,1600,ダ,NoClass
1985/02/16,5歳以上,1600,ダ,NoClass
1985/02/16,三峰山特別(OP),2100,ダ,OP
1985/02/16,シクラメン賞(OP),1200,ダ,OP
1985/02/16,フェブラリーハンデキ(OP),1600,ダ,OP
1985/02/16,5歳以上,1200,ダ,NoClass
1985/02/16,4歳未勝利,1700,ダ,未勝利
1985/02/16,4歳未勝利,1700,ダ,未勝利
1985/02/16,4歳以上勝入,2200,ダ,NoClass
1985/02/16,4歳未勝利,1000,ダ,未勝利
1985/02/16,5歳以上400万下,1600,ダ,400万
1985/02/16,4歳新馬,1800,芝,新馬
1985/02/16,5歳以上400万下,1700,ダ,400万
1985/02/16,5歳以上400万下,1600,ダ,400万
1985/02/16,乗鞍特別(400万下),1700,ダ,400万
1985/02/16,熱田特別(900万下),2000,芝,900万
1985/02/16,5歳以上400万下,1600,ダ,400万
1985/02/16,4歳未勝利,1400,ダ,未勝利
1985/02/16,4歳未勝利,1700,ダ,未勝利
1985/02/16,4歳新馬,1800,ダ,新馬
1985/02/16,4歳新馬,1200,ダ,新馬
1985/02/16,5歳以上未勝利,3000,障,未勝利
1985/02/16,4歳新馬,1200,ダ,新馬
1985/02/16,4歳400万下,1200,ダ,400万
1985/02/16,5歳以上400万下,1800,ダ,400万
1985/02/16,バイオレットステーク(OP),1400,芝,OP
1985/02/16,琵琶湖特別(900万下),2400,芝,900万
1985/02/16,橿原特別(1400万下),1400,ダ,1400万
1985/02/16,5歳以上900万下,1800,ダ,900万
1985/02/10,4歳,1400,ダ,NoClass
1985/02/10,4歳,1400,ダ,NoClass
1985/02/10,4歳,1400,ダ,NoClass
1985/02/10,4歳,1200,ダ,NoClass
1985/02/10,5歳以上,3100,障,NoClass
1985/02/10,4歳,1600,ダ,NoClass
1985/02/10,5歳以上,1700,ダ,NoClass
1985/02/10,5歳以上,1600,ダ,NoClass
1985/02/10,中津川特別(OP),1600,ダ,OP
1985/02/10,金蹄賞(OP),2100,ダ,OP
1985/02/10,共同通信杯4歳ステー(OP),1800,芝,OP
1985/02/10,5歳以上,1400,ダ,NoClass
1985/02/10,4歳未勝利,1600,ダ,未勝利
1985/02/10,4歳以上300万下,1600,ダ,300万
1985/02/10,4歳未勝利,1000,ダ,未勝利
1985/02/10,5歳以上400万下,1000,ダ,400万
1985/02/10,5歳以上400万下,1000,ダ,400万
1985/02/10,5歳以上400万下,1600,ダ,400万
1985/02/10,5歳以上400万下,1700,ダ,400万
1985/02/10,下呂特別(400万下),2500,芝,400万
1985/02/10,長良川特別(900万下),2200,ダ,900万
1985/02/10,きさらぎ賞(OP),1800,芝,OP
1985/02/10,5歳以上400万下,1600,ダ,400万
1985/02/10,4歳未勝利,1800,ダ,未勝利
1985/02/10,4歳未勝利,1200,ダ,未勝利
1985/02/10,4歳400万下,1700,ダ,400万
1985/02/10,5歳以上勝入400万円以下,3000,障,400万
1985/02/10,4歳新馬,1400,芝,新馬
1985/02/10,5歳以上900万下,1800,ダ,900万
1985/02/10,5歳以上400万下,1700,ダ,400万
1985/02/10,梅花賞(400万下),1600,芝,400万
1985/02/10,宇治川特別(900万下),1200,ダ,900万
1985/02/10,斑鳩特別(1400万下),1600,芝,1400万
1985/02/10,5歳以上400万下,1200,ダ,400万
1985/02/09,4歳以上,1700,ダ,NoClass
1985/02/09,4歳,1600,ダ,NoClass
1985/02/09,4歳,1600,ダ,NoClass
1985/02/09,4歳,1700,ダ,NoClass
1985/02/09,4歳,1200,ダ,NoClass
1985/02/09,4歳,1200,ダ,NoClass
1985/02/09,4歳,1400,ダ,NoClass
1985/02/09,5歳以上,1400,ダ,NoClass
1985/02/09,東京障害特別(OP),3300,障,OP
1985/02/09,バレンタインステーク(OP),1400,ダ,OP
1985/02/09,箱根特別(OP),2600,芝,OP
1985/02/09,5歳以上,1700,ダ,NoClass
1985/02/09,4歳未勝利,1600,ダ,未勝利
1985/02/09,4歳新馬,1000,ダ,新馬
1985/02/09,4歳400万下,1600,ダ,400万
1985/02/09,4歳未勝利,1700,ダ,未勝利
1985/02/09,5歳以上400万下,1700,ダ,400万
1985/02/09,5歳以上400万下,1600,ダ,400万
1985/02/09,5歳以上400万下,1700,ダ,400万
1985/02/09,シュンエイ記念(OP),1800,芝,OP
1985/02/09,アメジストハンデキャ(900万下),1800,芝,900万
1985/02/09,5歳以上400万下,1600,ダ,400万
1985/02/09,4歳未勝利,1400,ダ,未勝利
1985/02/09,4歳未勝利,1400,ダ,未勝利
1985/02/09,4歳未勝利,1800,ダ,未勝利
1985/02/09,4歳未勝利,1700,ダ,未勝利
1985/02/09,5歳以上未勝利,3000,障,未勝利
1985/02/09,4歳新馬,1200,ダ,新馬
1985/02/09,5歳以上400万下,1800,ダ,400万
1985/02/09,5歳以上400万下,1400,ダ,400万
1985/02/09,寒桜賞(400万下),1200,ダ,400万
1985/02/09,大津特別(900万下),2000,芝,900万
1985/02/09,春日特別(1400万下),1800,ダ,1400万
1985/02/09,5歳以上900万下,1800,ダ,900万
1985/02/03,4歳,1400,ダ,NoClass
1985/02/03,4歳,1600,ダ,NoClass
1985/02/03,4歳,1400,ダ,NoClass
1985/02/03,4歳,1600,ダ,NoClass
1985/02/03,5歳以上,3100,障,NoClass
1985/02/03,4歳,1200,ダ,NoClass
1985/02/03,5歳以上,1400,ダ,NoClass
1985/02/03,5歳以上,1400,ダ,NoClass
1985/02/03,ヒヤシンス賞(OP),1400,芝,OP
1985/02/03,立春特別(OP),1600,ダ,OP
1985/02/03,東京新聞杯(OP),1600,芝,OP
1985/02/03,5歳以上,1600,ダ,NoClass
1985/02/03,4歳未勝利,1600,ダ,未勝利
1985/02/03,4歳未勝利,1700,ダ,未勝利
1985/02/03,4歳新馬,1600,ダ,新馬
1985/02/03,5歳以上400万下,1700,ダ,400万
1985/02/03,5歳以上400万下,1600,ダ,400万
1985/02/03,5歳以上400万下,1700,ダ,400万
1985/02/03,鳳来寺山特別(400万下),1800,芝,400万
1985/02/03,知多特別(900万下),1700,ダ,900万
1985/02/03,トヨタ賞中京記念(OP),2000,芝,OP
1985/02/03,5歳以上400万下,1600,ダ,400万
1985/02/03,4歳新馬,1700,ダ,新馬
1985/02/03,4歳未勝利,1800,ダ,未勝利
1985/02/03,4歳未勝利,1400,ダ,未勝利
1985/02/03,5歳以上,3290,障,NoClass
1985/02/03,5歳以上400万下,1800,ダ,400万
1985/02/03,4歳新馬,1400,ダ,新馬
1985/02/03,4歳400万下,1400,ダ,400万
1985/02/03,エルフィンS(OP),2000,芝,OP
1985/02/03,大和特別(900万下),1800,ダ,900万
1985/02/03,淀短距離S(OP),1200,芝,OP
1985/02/03,5歳以上900万下,1200,ダ,900万
1985/02/02,4歳,1400,ダ,NoClass
1985/02/02,4歳,1600,ダ,NoClass
1985/02/02,4歳,1600,ダ,NoClass
1985/02/02,4歳,1200,ダ,NoClass
1985/02/02,5歳以上,3100,障,NoClass
1985/02/02,4歳,1600,芝,NoClass
1985/02/02,4歳,1700,ダ,NoClass
1985/02/02,5歳以上,1600,ダ,NoClass
1985/02/02,カトレア賞(OP),1600,ダ,OP
1985/02/02,節分賞(OP),1200,ダ,OP
1985/02/02,銀嶺S(OP),1600,ダ,OP
1985/02/02,5歳以上,1600,ダ,NoClass
1985/02/02,4歳未勝利,1700,ダ,未勝利
1985/02/02,4歳未勝利,1600,ダ,未勝利
1985/02/02,5歳以上400万下,1000,ダ,400万
1985/02/02,4歳新馬,1800,芝,新馬
1985/02/02,5歳以上400万下,1700,ダ,400万
1985/02/02,5歳以上400万下,1600,ダ,400万
1985/02/02,5歳以上400万下,1700,ダ,400万
1985/02/02,5歳以上400万下,1000,ダ,400万
1985/02/02,水仙賞(400万下),1700,ダ,400万
1985/02/02,関ケ原特別(900万下),2500,芝,900万
1985/02/02,5歳以上400万下,1600,ダ,400万
1985/02/02,4歳未勝利,1800,ダ,未勝利
1985/02/02,4歳未勝利,1700,ダ,未勝利
1985/02/02,4歳未勝利,1200,ダ,未勝利
1985/02/02,4歳未勝利,1200,ダ,未勝利
1985/02/02,5歳以上未勝利,3000,障,未勝利
1985/02/02,4歳新馬,1800,ダ,新馬
1985/02/02,4歳新馬,1600,芝,新馬
1985/02/02,5歳以上400万下,1400,ダ,400万
1985/02/02,飛梅賞(400万下),1800,ダ,400万
1985/02/02,立春特別(900万下),1400,ダ,900万
1985/02/02,飛鳥特別(1400万下),1800,ダ,1400万
1985/02/02,5歳以上900万下,1700,ダ,900万
1985/01/27,4歳,1400,ダ,NoClass
1985/01/27,4歳,1600,ダ,NoClass
1985/01/27,4歳,1200,ダ,NoClass
1985/01/27,4歳,1200,ダ,NoClass
1985/01/27,5歳以上,3100,障,NoClass
1985/01/27,4歳,2000,芝,NoClass
1985/01/27,4歳,1600,ダ,NoClass
1985/01/27,5歳以上,1600,ダ,NoClass
1985/01/27,青梅特別(OP),2100,ダ,OP
1985/01/27,アレキサンドライトス(OP),1400,ダ,OP
1985/01/27,デイリー杯クイーンカ(OP),1600,芝,OP
1985/01/27,5歳以上,1400,ダ,NoClass
1985/01/27,4歳未勝利,1700,ダ,未勝利
1985/01/27,4歳以上,1700,ダ,NoClass
1985/01/27,4歳未勝利,1700,ダ,未勝利
1985/01/27,4歳新馬,1600,ダ,新馬
1985/01/27,5歳以上400万下,1700,ダ,400万
1985/01/27,5歳以上400万下,1000,ダ,400万
1985/01/27,5歳以上400万下,1600,ダ,400万
1985/01/27,5歳以上400万下,1000,ダ,400万
1985/01/27,フリージア賞(400万下),1800,芝,400万
1985/01/27,渥美特別(400万下),1700,ダ,400万
1985/01/27,中京スポーツ杯(900万下),1800,芝,900万
1985/01/27,5歳以上400万下,1600,ダ,400万
1985/01/27,4歳未勝利,1800,ダ,未勝利
1985/01/27,4歳未勝利,1700,ダ,未勝利
1985/01/27,4歳未勝利,1400,ダ,未勝利
1985/01/27,4歳新馬,1800,ダ,新馬
1985/01/27,5歳以上未勝利,3000,障,未勝利
1985/01/27,4歳新馬,2000,芝,新馬
1985/01/27,5歳以上900万下,1700,ダ,900万
1985/01/27,5歳以上400万下,1200,ダ,400万
1985/01/27,うぐいす賞(400万下),1400,ダ,400万
1985/01/27,木津川特別(900万下),1600,芝,900万
1985/01/27,京都牝馬特別(OP),1600,芝,OP
1985/01/27,5歳以上900万下,1700,ダ,900万
1985/01/26,4歳以上,1400,ダ,NoClass
1985/01/26,4歳,1200,ダ,NoClass
1985/01/26,4歳,1600,ダ,NoClass
1985/01/26,4歳,1400,ダ,NoClass
1985/01/26,5歳以上,3100,障,NoClass
1985/01/26,4歳,1400,ダ,NoClass
1985/01/26,4歳,1600,ダ,NoClass
1985/01/26,5歳以上,1700,ダ,NoClass
1985/01/26,寒梅賞(OP),2000,芝,OP
1985/01/26,銀蹄賞(OP),1600,ダ,OP
1985/01/26,白富士賞(OP),2400,芝,OP
1985/01/26,5歳以上,1200,ダ,NoClass
1985/01/26,4歳以上300万下,1700,ダ,300万
1985/01/26,4歳未勝利,1600,ダ,未勝利
1985/01/26,4歳未勝利,1000,ダ,未勝利
1985/01/26,5歳以上400万下,1700,ダ,400万
1985/01/26,4歳新馬,1200,芝,新馬
1985/01/26,5歳以上400万下,2200,ダ,400万
1985/01/26,5歳以上400万下,1700,ダ,400万
1985/01/26,5歳以上400万下,1700,ダ,400万
1985/01/26,鈴鹿特別(400万下),2000,芝,400万
1985/01/26,伊良湖特別(900万下),1700,ダ,900万
1985/01/26,5歳以上400万下,1700,ダ,400万
1985/01/26,4歳未勝利,1800,ダ,未勝利
1985/01/26,4歳未勝利,1200,ダ,未勝利
1985/01/26,4歳未勝利,1200,ダ,未勝利
1985/01/26,4歳新馬,1700,ダ,新馬
1985/01/26,5歳以上400万下,3000,障,400万
1985/01/26,4歳新馬,1400,ダ,新馬
1985/01/26,4歳新馬,1200,ダ,新馬
1985/01/26,5歳以上400万下,1700,ダ,400万
1985/01/26,つばき賞(400万下),2000,芝,400万
1985/01/26,山城特別(900万下),1800,ダ,900万
1985/01/26,松籟S(1400万下),2200,芝,1400万
1985/01/26,5歳以上900万下,1400,ダ,900万
1985/01/20,4歳未勝利,1700,ダ,未勝利
1985/01/20,4歳未勝利,1800,ダ,未勝利
1985/01/20,4歳未勝利,1200,ダ,未勝利
1985/01/20,4歳新馬,1200,ダ,新馬
1985/01/20,5歳以上400万下,1800,ダ,400万
1985/01/20,5歳以上400万下,1200,ダ,400万
1985/01/20,4歳新馬,2000,芝,新馬
1985/01/20,5歳以上400万下,1200,ダ,400万
1985/01/20,白梅賞(400万下),1800,ダ,400万
1985/01/20,若潮特別(900万下),1800,芝,900万
1985/01/20,アメリカジョッキーク(400万下),2200,芝,400万
1985/01/20,5歳以上900万下,1700,ダ,900万
1985/01/20,4歳未勝利,1700,ダ,未勝利
1985/01/20,4歳未勝利,1800,ダ,未勝利
1985/01/20,4歳新馬,1400,ダ,新馬
1985/01/20,4歳未勝利,1200,ダ,未勝利
1985/01/20,5歳以上400万下,1800,ダ,400万
1985/01/20,4歳新馬,2000,芝,新馬
1985/01/20,4歳新馬,2000,芝,新馬
1985/01/20,5歳以上400万下,1400,ダ,400万
1985/01/20,若菜賞(400万下),1600,芝,400万
1985/01/20,八坂特別(900万下),1400,ダ,900万
1985/01/20,日経新春杯(OP),2400,芝,OP
1985/01/20,5歳以上900万下,1800,ダ,900万
1985/01/19,4歳未勝利,1700,ダ,未勝利
1985/01/19,4歳未勝利,1200,ダ,未勝利
1985/01/19,4歳新馬,1800,ダ,新馬
1985/01/19,4歳新馬,1200,ダ,新馬
1985/01/19,4歳新馬,1200,ダ,新馬
1985/01/19,5歳以上未勝利,3200,障,未勝利
1985/01/19,5歳以上400万下,1800,ダ,400万
1985/01/19,5歳以上400万下,1700,ダ,400万
1985/01/19,ジュニアC(OP),2000,芝,OP
1985/01/19,水戸特別(900万下),1200,ダ,900万
1985/01/19,初富士賞(1400万下),1600,芝,1400万
1985/01/19,5歳以上900万下,1800,ダ,900万
1985/01/19,4歳未勝利,1400,ダ,未勝利
1985/01/19,4歳未勝利,1800,ダ,未勝利
1985/01/19,4歳新馬,1700,ダ,新馬
1985/01/19,4歳新馬,1200,ダ,新馬
1985/01/19,5歳以上未勝利,3000,障,未勝利
1985/01/19,4歳新馬,1200,ダ,新馬
1985/01/19,4歳400万下,1200,ダ,400万
1985/01/19,5歳以上400万下,1700,ダ,400万
1985/01/19,石清水特別(900万下),2200,芝,900万
1985/01/19,ジュニアS(OP),2000,芝,OP
1985/01/19,迎春賞(1400万下),1400,ダ,1400万
1985/01/19,5歳以上900万下,1700,ダ,900万
1985/01/15,4歳未勝利,1200,ダ,未勝利
1985/01/15,4歳未勝利,1800,ダ,未勝利
1985/01/15,4歳未勝利,1200,ダ,未勝利
1985/01/15,4歳新馬,1200,ダ,新馬
1985/01/15,5歳以上400万下,1800,ダ,400万
1985/01/15,5歳以上勝入,3200,障,NoClass
1985/01/15,5歳以上400万下,1800,ダ,400万
1985/01/15,5歳以上400万下,1700,ダ,400万
1985/01/15,紅梅賞(400万下),1200,ダ,400万
1985/01/15,新春牝馬特別(900万下),1800,ダ,900万
1985/01/15,ダイヤモンドステーク(OP),3200,芝,OP
1985/01/15,5歳以上900万下,1200,ダ,900万
1985/01/15,4歳以上勝入300万円以下,1800,ダ,300万
1985/01/15,4歳未勝利,1700,ダ,未勝利
1985/01/15,4歳未勝利,1400,ダ,未勝利
1985/01/15,5歳以上400万下,1800,ダ,400万
1985/01/15,5歳以上勝入400万円以下,3290,障,400万
1985/01/15,4歳新馬,1400,芝,新馬
1985/01/15,4歳新馬,1400,芝,新馬
1985/01/15,5歳以上400万下,1700,ダ,400万
1985/01/15,呉竹賞(400万下),1800,ダ,400万
1985/01/15,伏見特別(900万下),2000,芝,900万
1985/01/15,北山特別(OP),1400,ダ,OP
1985/01/15,5歳以上900万下,1700,ダ,900万
1985/01/13,4歳400万下,1800,ダ,400万
1985/01/13,4歳以上300万下,1700,ダ,300万
1985/01/13,4歳未勝利,1800,ダ,未勝利
1985/01/13,4歳未勝利,1200,ダ,未勝利
1985/01/13,4歳未勝利,1200,ダ,未勝利
1985/01/13,4歳新馬,1200,ダ,新馬
1985/01/13,5歳以上400万下,1800,ダ,400万
1985/01/13,5歳以上400万下,1800,ダ,400万
1985/01/13,ガーネットS(1400万下),1200,ダ,1400万
1985/01/13,初春賞(900万下),2200,芝,900万
1985/01/13,京成杯(OP),1600,芝,OP
1985/01/13,5歳以上900万下,1800,ダ,900万
1985/01/13,4歳未勝利,1400,ダ,未勝利
1985/01/13,4歳未勝利,1800,ダ,未勝利
1985/01/13,4歳未勝利,1200,ダ,未勝利
1985/01/13,5歳以上400万下,1400,ダ,400万
1985/01/13,5歳以上未勝利,3000,障,未勝利
1985/01/13,4歳400万下,1700,ダ,400万
1985/01/13,5歳以上400万下,1700,ダ,400万
1985/01/13,5歳以上400万下,1400,ダ,400万
1985/01/13,西陣特別(900万下),1800,ダ,900万
1985/01/13,寿賞(1400万下),2000,芝,1400万
1985/01/13,日刊スポーツ賞シンザ(OP),1600,芝,OP
1985/01/13,5歳以上900万下,1400,ダ,900万
1985/01/12,4歳未勝利,1200,ダ,未勝利
1985/01/12,4歳未勝利,1700,ダ,未勝利
1985/01/12,4歳未勝利,1700,ダ,未勝利
1985/01/12,4歳未勝利,1800,ダ,未勝利
1985/01/12,4歳新馬,1200,ダ,新馬
1985/01/12,5歳以上未勝利,2700,障,未勝利
1985/01/12,4歳400万下,1700,ダ,400万
1985/01/12,5歳以上400万下,1200,ダ,400万
1985/01/12,銀杯(OP),1800,ダ,OP
1985/01/12,寿賞(900万下),1800,ダ,900万
1985/01/12,睦月賞(1400万下),2000,芝,1400万
1985/01/12,5歳以上400万下,1800,ダ,400万
1985/01/12,4歳未勝利,1700,ダ,未勝利
1985/01/12,4歳未勝利,1400,ダ,未勝利
1985/01/12,4歳未勝利,1200,ダ,未勝利
1985/01/12,5歳以上400万下,1800,ダ,400万
1985/01/12,5歳以上未勝利,3000,障,未勝利
1985/01/12,4歳新馬,1400,ダ,新馬
1985/01/12,5歳以上400万下,1700,ダ,400万
1985/01/12,5歳以上900万下,1700,ダ,900万
1985/01/12,白梅賞(400万下),1400,ダ,400万
1985/01/12,睦月賞(900万下),2400,芝,900万
1985/01/12,門松賞(1400万下),1800,ダ,1400万
1985/01/12,5歳以上900万下,1700,ダ,900万
1985/01/07,4歳未勝利,1700,ダ,未勝利
1985/01/07,4歳未勝利,1800,ダ,未勝利
1985/01/07,4歳未勝利,1200,ダ,未勝利
1985/01/07,4歳新馬,1200,ダ,新馬
1985/01/07,4歳新馬,1200,ダ,新馬
1985/01/07,5歳以上未勝利,2700,障,未勝利
1985/01/07,4歳新馬,1200,ダ,新馬
1985/01/07,5歳以上400万下,1800,ダ,400万
1985/01/07,七草特別(400万下),1200,ダ,400万
1985/01/07,成田特別(900万下),2400,ダ,900万
1985/01/07,ニューイヤーステーク(OP),1600,芝,OP
1985/01/07,5歳以上400万下,1700,ダ,400万
1985/01/07,4歳未勝利,1800,ダ,未勝利
1985/01/07,4歳未勝利,1800,ダ,未勝利
1985/01/07,4歳未勝利,1400,ダ,未勝利
1985/01/07,5歳以上,3000,障,NoClass
1985/01/07,4歳新馬,1200,ダ,新馬
1985/01/07,4歳新馬,1200,ダ,新馬
1985/01/07,4歳新馬,1800,ダ,新馬
1985/01/07,5歳以上400万下,1800,ダ,400万
1985/01/07,銀杯(OP),1800,ダ,OP
1985/01/07,若水特別(900万下),1600,芝,900万
1985/01/07,万葉S(1400万下),3000,芝,1400万
1985/01/07,5歳以上900万下,1800,ダ,900万
1985/01/06,4歳以上300万下,1800,ダ,300万
1985/01/06,4歳未勝利,1800,ダ,未勝利
1985/01/06,4歳未勝利,1200,ダ,未勝利
1985/01/06,4歳新馬,1600,芝,新馬
1985/01/06,5歳以上400万下,1200,ダ,400万
1985/01/06,5歳以上未勝利,2700,障,未勝利
1985/01/06,5歳以上400万下,1800,ダ,400万
1985/01/06,5歳以上400万下,1200,ダ,400万
1985/01/06,若竹賞(400万下),2000,芝,400万
1985/01/06,若水賞(900万下),1200,ダ,900万
1985/01/06,日刊スポーツ賞金杯(400万下),2000,芝,400万
1985/01/06,5歳以上900万下,1800,ダ,900万
1985/01/06,4歳以上300万下,1400,ダ,300万
1985/01/06,4歳未勝利,1700,ダ,未勝利
1985/01/06,4歳未勝利,1200,ダ,未勝利
1985/01/06,5歳以上未勝利,3000,障,未勝利
1985/01/06,4歳新馬,1600,芝,新馬
1985/01/06,4歳新馬,1600,芝,新馬
1985/01/06,5歳以上400万下,1800,ダ,400万
1985/01/06,5歳以上400万下,1800,ダ,400万
1985/01/06,若竹賞(400万下),1800,ダ,400万
1985/01/06,新春特別(900万下),1200,ダ,900万
1985/01/06,スポーツニッポン賞金(OP),2000,芝,OP
1985/01/06,5歳以上900万下,1800,ダ,900万
1985/01/05,4歳未勝利,1700,ダ,未勝利
1985/01/05,4歳未勝利,1200,ダ,未勝利
1985/01/05,4歳新馬,1700,ダ,新馬
1985/01/05,4歳新馬,1200,ダ,新馬
1985/01/05,4歳400万下,1800,ダ,400万
1985/01/05,5歳以上400万下,3200,障,400万
1985/01/05,5歳以上400万下,1700,ダ,400万
1985/01/05,5歳以上400万下,1700,ダ,400万
1985/01/05,新春4歳牝馬ステーク(OP),1200,芝,OP
1985/01/05,門松賞(900万下),1800,ダ,900万
1985/01/05,迎春賞(1400万下),2500,芝,1400万
1985/01/05,5歳以上900万下,1800,ダ,900万
1985/01/05,4歳未勝利,1700,ダ,未勝利
1985/01/05,4歳未勝利,1800,ダ,未勝利
1985/01/05,4歳未勝利,1400,ダ,未勝利
1985/01/05,4歳新馬,1700,ダ,新馬
1985/01/05,4歳新馬,1200,ダ,新馬
1985/01/05,5歳以上400万下,1400,ダ,400万
1985/01/05,5歳以上400万下,1800,ダ,400万
1985/01/05,5歳以上400万下,1400,ダ,400万
1985/01/05,福寿草特別(400万下),2000,芝,400万
1985/01/05,稲荷特別(900万下),1800,ダ,900万
1985/01/05,KBS京都紅梅賞(OP),1200,芝,OP
1985/01/05,5歳以上900万下,1700,ダ,900万
